outcome,w_matrix,direction,rank,fips5,state,total_transmission
credit,W_geo,sender,1,51760,Virginia,0.21573781942453296
credit,W_geo,sender,2,51670,Virginia,0.21573221844267917
credit,W_geo,sender,3,51830,Virginia,0.21538308132049205
credit,W_geo,sender,4,51036,Virginia,0.21491948502730907
credit,W_geo,sender,5,13113,Georgia,0.2145405060942567
credit,W_geo,sender,6,51735,Virginia,0.21442493611490637
credit,W_geo,sender,7,34007,New Jersey,0.21427335624481264
credit,W_geo,sender,8,34029,New Jersey,0.21424812463309095
credit,W_geo,sender,9,29510,Missouri,0.2142212657082549
credit,W_geo,sender,10,34013,New Jersey,0.2141877385765402
credit,W_geo,receiver,1,51041,Virginia,0.6113334562572429
credit,W_geo,receiver,2,08059,Colorado,0.546015269068749
credit,W_geo,receiver,3,51003,Virginia,0.5312984299272786
credit,W_geo,receiver,4,17119,Illinois,0.488058842766178
credit,W_geo,receiver,5,55009,Wisconsin,0.4819760348813804
credit,W_geo,receiver,6,47093,Tennessee,0.481354389367701
credit,W_geo,receiver,7,51161,Virginia,0.4680621575587071
credit,W_geo,receiver,8,40143,Oklahoma,0.45960571078350637
credit,W_geo,receiver,9,48029,Texas,0.4401771489058809
credit,W_geo,receiver,10,51199,Virginia,0.4363362413211179
credit,W_bank,sender,1,13289,Georgia,2.1857141490614533
credit,W_bank,sender,2,13169,Georgia,2.185689704907735
credit,W_bank,sender,3,01063,Alabama,2.1856257054993
credit,W_bank,sender,4,19017,Iowa,2.185429894669141
credit,W_bank,sender,5,13221,Georgia,2.185402753897866
credit,W_bank,sender,6,21223,Kentucky,2.1853728030323047
credit,W_bank,sender,7,48051,Texas,2.1853448368284734
credit,W_bank,sender,8,13029,Georgia,2.185292508891659
credit,W_bank,sender,9,37053,North Carolina,2.18514790275142
credit,W_bank,sender,10,47057,Tennessee,2.185112004918987
credit,W_bank,receiver,1,12021,Florida,4.46229411441561
credit,W_bank,receiver,2,47037,Tennessee,4.367447959558762
credit,W_bank,receiver,3,51740,Virginia,4.344790954813069
credit,W_bank,receiver,4,47021,Tennessee,4.269912264842455
credit,W_bank,receiver,5,16019,Idaho,4.230377409429939
credit,W_bank,receiver,6,04027,Arizona,4.219999292242536
credit,W_bank,receiver,7,47187,Tennessee,4.213874975804673
credit,W_bank,receiver,8,04021,Arizona,4.204268236749852
credit,W_bank,receiver,9,13021,Georgia,4.189879749248177
credit,W_bank,receiver,10,12115,Florida,4.179325890149842
credit,W_geo,sender,1,51735,Virginia,0.19696022090692397
credit,W_geo,sender,2,51830,Virginia,0.19695021944974234
credit,W_geo,sender,3,29510,Missouri,0.1967960345073204
credit,W_geo,sender,4,34013,New Jersey,0.19655290882179258
credit,W_geo,sender,5,27123,Minnesota,0.19636975148935726
credit,W_geo,sender,6,36047,New York,0.19619634005689232
credit,W_geo,sender,7,29107,Missouri,0.19610154816161976
credit,W_geo,sender,8,34019,New Jersey,0.19601556149579683
credit,W_geo,sender,9,34007,New Jersey,0.19588123524183704
credit,W_geo,sender,10,36061,New York,0.1958672437944218
credit,W_geo,receiver,1,17119,Illinois,0.4768200035995865
credit,W_geo,receiver,2,51199,Virginia,0.4317146008381282
credit,W_geo,receiver,3,21111,Kentucky,0.37456058117060825
credit,W_geo,receiver,4,27053,Minnesota,0.3608409955335064
credit,W_geo,receiver,5,39025,Ohio,0.3588818524810034
credit,W_geo,receiver,6,17161,Illinois,0.35774165240307665
credit,W_geo,receiver,7,21015,Kentucky,0.34916765458681687
credit,W_geo,receiver,8,37119,North Carolina,0.3486611917668232
credit,W_geo,receiver,9,39061,Ohio,0.3455729181193213
credit,W_geo,receiver,10,13215,Georgia,0.34508527110575815
credit,W_bank,sender,1,37053,North Carolina,0.7691759887769746
credit,W_bank,sender,2,21223,Kentucky,0.7685920068779233
credit,W_bank,sender,3,31155,Nebraska,0.7677116040058372
credit,W_bank,sender,4,21029,Kentucky,0.7675837499475231
credit,W_bank,sender,5,31043,Nebraska,0.7675682387359342
credit,W_bank,sender,6,26027,Michigan,0.7672098268924192
credit,W_bank,sender,7,17083,Illinois,0.7666938219518816
credit,W_bank,sender,8,28093,Mississippi,0.7666387043079369
credit,W_bank,sender,9,40079,Oklahoma,0.7666249148208473
credit,W_bank,sender,10,29025,Missouri,0.7666068570247699
credit,W_bank,receiver,1,31055,Nebraska,1.6444072077684482
credit,W_bank,receiver,2,21185,Kentucky,1.5019530128934848
credit,W_bank,receiver,3,17163,Illinois,1.4879335980382895
credit,W_bank,receiver,4,29047,Missouri,1.437667868309009
credit,W_bank,receiver,5,05033,Arkansas,1.4351380359324137
credit,W_bank,receiver,6,20091,Kansas,1.4297154360451594
credit,W_bank,receiver,7,18043,Indiana,1.3577426684338465
credit,W_bank,receiver,8,18019,Indiana,1.3391017237184148
credit,W_bank,receiver,9,21111,Kentucky,1.3195090570597867
credit,W_bank,receiver,10,53011,Washington,1.3025490741615646
credit,W_geo,sender,1,51760,Virginia,0.20142789814221784
credit,W_geo,sender,2,51670,Virginia,0.2010606096105846
credit,W_geo,sender,3,13113,Georgia,0.20037204790928953
credit,W_geo,sender,4,51036,Virginia,0.20036345179503437
credit,W_geo,sender,5,51540,Virginia,0.20002638658915456
credit,W_geo,sender,6,51067,Virginia,0.19999372176323046
credit,W_geo,sender,7,13089,Georgia,0.19990930540089671
credit,W_geo,sender,8,13149,Georgia,0.1998986628042994
credit,W_geo,sender,9,51570,Virginia,0.19981248621194836
credit,W_geo,sender,10,13097,Georgia,0.19974139250276488
credit,W_geo,receiver,1,51041,Virginia,0.5955735690403864
credit,W_geo,receiver,2,08059,Colorado,0.5107177013163646
credit,W_geo,receiver,3,51003,Virginia,0.49823886140117907
credit,W_geo,receiver,4,47093,Tennessee,0.4641858937810342
credit,W_geo,receiver,5,55009,Wisconsin,0.4530990334140198
credit,W_geo,receiver,6,51161,Virginia,0.4379907960032694
credit,W_geo,receiver,7,40143,Oklahoma,0.43043702853406934
credit,W_geo,receiver,8,48029,Texas,0.4118518143874413
credit,W_geo,receiver,9,39095,Ohio,0.39645863756651545
credit,W_geo,receiver,10,13121,Georgia,0.39309852008382595
credit,W_bank,sender,1,13289,Georgia,1.8709276963451567
credit,W_bank,sender,2,13169,Georgia,1.8709064715388881
credit,W_bank,sender,3,01063,Alabama,1.8708666281264381
credit,W_bank,sender,4,13221,Georgia,1.8705955341137255
credit,W_bank,sender,5,19017,Iowa,1.8705386525522174
credit,W_bank,sender,6,48051,Texas,1.870534481470497
credit,W_bank,sender,7,13029,Georgia,1.8704562338780661
credit,W_bank,sender,8,47057,Tennessee,1.8702294576242435
credit,W_bank,sender,9,48055,Texas,1.8701696483362884
credit,W_bank,sender,10,48065,Texas,1.8700983772164257
credit,W_bank,receiver,1,12021,Florida,3.6695627161700703
credit,W_bank,receiver,2,16019,Idaho,3.5589618343605878
credit,W_bank,receiver,3,47037,Tennessee,3.552463436969875
credit,W_bank,receiver,4,13021,Georgia,3.551780510214595
credit,W_bank,receiver,5,04021,Arizona,3.541080747451433
credit,W_bank,receiver,6,04027,Arizona,3.5391136421119906
credit,W_bank,receiver,7,51085,Virginia,3.534116786448462
credit,W_bank,receiver,8,48245,Texas,3.5172383139814096
credit,W_bank,receiver,9,48201,Texas,3.5108203515799876
credit,W_bank,receiver,10,12071,Florida,3.5028798384226847
