model,sample,w_matrix,beta,se_beta,z_beta,p_beta,lam,se_lam,z_lam,p_lam,n_co,n_obs
FE W_geo (full),Full,W_geo,0.033815120202886115,0.004838879497380934,6.988212916066355,2.784096624985764e-12,0.17982834395382827,0.010699399616473721,16.807330354962065,2.1566764471777466e-63,949,10439
FE W_bank (full),Full,W_bank,0.02025565908692165,0.005332356276108451,3.798631981451962,0.00014549694503249372,0.6861180244077842,0.033029090791139894,20.773142946818158,7.573676266803375e-96,949,10439
FE W_bank_count (full),Full,W_bank_count,0.02301192436270398,0.00534810179306498,4.3028209359335925,1.6863713868121318e-05,0.7080829763855453,0.0290180299334079,24.401483422909525,1.6492865916397544e-131,949,10439
FE W_bank_binary (full),Full,W_bank_binary,0.026431016068159376,0.004428233788253423,5.968749016429925,2.3907954699281734e-09,0.5551157656990242,0.052606599199381404,10.552207786614568,4.961726872712521e-26,949,10439
FE W_bank_knn3 (full),Full,W_bank_knn3,0.034089057741986964,0.005211487117923806,6.5411382529844255,6.10523583725504e-11,0.23190885464925298,0.011787754932158372,19.67370852074457,3.622893004055624e-86,949,10439
FE W_bank_knn4 (full),Full,W_bank_knn4,0.03328742152451125,0.005411481009743824,6.151259048045159,7.687024336268218e-10,0.27010067760500167,0.012951172276592218,20.855307290844873,1.3641914859348711e-96,949,10439
FE W_bank_count_knn3 (full),Full,W_bank_count_knn3,0.03508905217079031,0.0052446813214650865,6.6904069132246695,2.2255088883632465e-11,0.23457804910156768,0.011356865747320609,20.655174968226685,8.770289074071627e-95,949,10439
FE W_bank_count_knn4 (full),Full,W_bank_count_knn4,0.03492408801850971,0.005425144980486533,6.437447873582482,1.214990280345108e-10,0.26806330232319164,0.012401250907219722,21.61582765550944,1.274961425947434e-103,949,10439
FE W_bank_binary_knn3 (full),Full,W_bank_binary_knn3,0.03375254125103714,0.005196431389795253,6.495330875977762,8.285111507411244e-11,0.22981012967329714,0.012176696986092871,18.8729447678435,1.903875257029486e-79,949,10439
FE W_bank_binary_knn4 (full),Full,W_bank_binary_knn4,0.03269745185071821,0.005399232395705599,6.055944522174089,1.3959611054200639e-09,0.2704693211259861,0.013519361087505661,20.006072726021703,4.8758284825785124e-89,949,10439
FE W_bank_nonGeo (full),Full,W_bank_nonGeo,0.022563122099310915,0.004864751501352712,4.638083177123626,3.5165527356156067e-06,0.48456655900622814,0.04231184701831079,11.452266756318345,2.2907571035547342e-30,941,10351
FE W_bank_interstate (full),Full,W_bank_interstate,0.02554254352365206,0.004169555362975798,6.125963394193291,9.013652904182867e-10,0.1751730398828388,0.061453198622925705,2.850511345352312,0.004364899314629135,920,10120
FE W_bank_intrastate (full),Full,W_bank_intrastate,0.03917789108756863,0.006252484594271896,6.265971630455638,3.7050778963747783e-10,0.34949413213634584,0.01721251361093177,20.304653930055867,1.1696509556150415e-91,947,10417
FE W_geo (contig),Contig,W_geo,0.04092859612476985,0.0074502730653126965,5.493569935755373,3.9388901982660837e-08,0.167662635162116,0.020576581297688083,8.14822602144089,3.6930162968510764e-16,253,2783
FE W_bank (contig),Contig,W_bank,0.02750977925110381,0.008064335758882742,3.41128892367883,0.0006465653980783426,0.4348145370060398,0.047857818728549495,9.085548580312791,1.0317704621504511e-19,253,2783
FE W_bank_count (contig),Contig,W_bank_count,0.029144858367506285,0.00806787779200474,3.612456598733909,0.00030330988417084313,0.4497649931882528,0.044333900840383494,10.144945169782229,3.4897433484204964e-24,253,2783
FE W_bank_binary (contig),Contig,W_bank_binary,0.03942759068076906,0.006927098925266732,5.691789752988243,1.2571459524797149e-08,0.19596728552170764,0.0813598177046391,2.408649515822768,0.016011666261901217,253,2783
FE W_bank_knn3 (contig),Contig,W_bank_knn3,0.04492999877816714,0.008139765484373233,5.5198148969308765,3.39356945672449e-08,0.2661210499914649,0.019067578505123053,13.956730264410021,2.862689611568968e-44,253,2783
FE W_bank_knn4 (contig),Contig,W_bank_knn4,0.041705087406127335,0.007952082533912407,5.244549113804095,1.5666497093397464e-07,0.23569736593815652,0.020652904698501742,11.412310732022847,3.6295717154200786e-30,253,2783
FE W_bank_count_knn3 (contig),Contig,W_bank_count_knn3,0.04492886642617962,0.0081843713889981,5.489592821578889,4.028613639437949e-08,0.2705855096382517,0.01878713966000213,14.402698576533655,4.976193907189047e-47,253,2783
FE W_bank_count_knn4 (contig),Contig,W_bank_count_knn4,0.042030926386140074,0.008003071750444983,5.2518492519829145,1.5057968272320266e-07,0.24203931997822,0.02029739921391098,11.924646967200433,8.805651260475784e-33,253,2783
FE W_bank_binary_knn3 (contig),Contig,W_bank_binary_knn3,0.04472652755487417,0.008175505842130285,5.470796354200857,4.48017863853486e-08,0.2734508920300861,0.019250621821057187,14.204782295965803,8.556815992480711e-46,253,2783
FE W_bank_binary_knn4 (contig),Contig,W_bank_binary_knn4,0.04101769591011386,0.007966069869142245,5.1490504833508925,2.6180841557447755e-07,0.24054945689575633,0.021077514954015997,11.412609950487703,3.6171050903607346e-30,253,2783
FE W_bank_nonGeo (contig),Contig,W_bank_nonGeo,0.029655488332079146,0.00731886724764801,4.05192324558274,5.079833124652118e-05,0.278831171710234,0.05687324301516104,4.902677549720601,9.453909971420477e-07,251,2761
FE W_bank_interstate (contig),Contig,W_bank_interstate,0.023107759830363138,0.006782764585566421,3.406835006412571,0.0006572084253185946,0.3605687232084084,0.056868925762488316,6.340347006277468,2.2924822711292618e-10,248,2728
FE W_bank_intrastate (contig),Contig,W_bank_intrastate,0.04531243231646947,0.00762949375546072,5.939113887345098,2.8656674778119646e-09,0.13298554176245855,0.027154282791562248,4.8974057898440115,9.711016629322464e-07,253,2783
FE W_geo (noncontig),NonContig,W_geo,0.03148579245482638,0.005999009176064883,5.248498798843285,1.5334364037356378e-07,0.17017400864528417,0.011919686436801361,14.27671856533755,3.0565868408933552e-46,696,7656
FE W_bank (noncontig),NonContig,W_bank,0.02260468697668798,0.006531324978225578,3.460964972964673,0.0005382428393488362,0.6517073283158371,0.03617928496215586,18.013272760850136,1.5329135740012294e-72,696,7656
FE W_bank_count (noncontig),NonContig,W_bank_count,0.026073404948866192,0.006486669399511152,4.019536582337792,5.8312727263158204e-05,0.6456736907114797,0.0327540356574593,19.712798064455793,1.6744718114965627e-86,696,7656
FE W_bank_binary (noncontig),NonContig,W_bank_binary,0.024328059277963075,0.005430953733333322,4.479518786662799,7.4811505857787674e-06,0.5355376395464622,0.05696111945646022,9.401810298967437,5.363224221306768e-21,696,7656
FE W_bank_knn3 (noncontig),NonContig,W_bank_knn3,0.030322341007712264,0.00638685410889977,4.747617604958215,2.0582671175780575e-06,0.22257160868566564,0.013015841171235172,17.1000556750451,1.4826260164662222e-65,696,7656
FE W_bank_knn4 (noncontig),NonContig,W_bank_knn4,0.03081966017617075,0.006696795184877527,4.602150629567804,4.18150605237189e-06,0.26733386452961205,0.013973017228323184,19.132150212176697,1.363331853869218e-81,696,7656
FE W_bank_count_knn3 (noncontig),NonContig,W_bank_count_knn3,0.031625716179392235,0.006481327854591559,4.87951186684495,1.063487247819345e-06,0.2346810164813414,0.012566660644841557,18.67489089694443,7.925171061056203e-78,696,7656
FE W_bank_count_knn4 (noncontig),NonContig,W_bank_count_knn4,0.032527542658715394,0.006712733819237526,4.845647620571088,1.2619933473634282e-06,0.26718346923597525,0.013447119886634941,19.86919663752892,7.519664441202741e-88,696,7656
FE W_bank_binary_knn3 (noncontig),NonContig,W_bank_binary_knn3,0.02987291223938672,0.006389197036961168,4.675534666809225,2.9318874193860006e-06,0.2229707988981254,0.013343966193337864,16.70948469649498,1.1179743599739459e-62,696,7656
FE W_bank_binary_knn4 (noncontig),NonContig,W_bank_binary_knn4,0.03050459492243717,0.006712498886343079,4.544446924900103,5.507968301272641e-06,0.27048578363147857,0.014443275002324615,18.72745506735449,2.9571837093450106e-78,696,7656
FE W_bank_nonGeo (noncontig),NonContig,W_bank_nonGeo,0.022525274897058318,0.006011970698766276,3.7467373055694964,0.00017914952321095698,0.49527525829174096,0.04553627291064452,10.876499692094164,1.4918206872045143e-27,690,7590
FE W_bank_interstate (noncontig),NonContig,W_bank_interstate,0.024948545409715476,0.0051041861895322095,4.887859588837211,1.0193818977030448e-06,0.02757499652256895,0.07516378992735316,0.3668654354606196,0.7137193949712275,672,7392
FE W_bank_intrastate (noncontig),NonContig,W_bank_intrastate,0.033749455771364435,0.007497191081611424,4.501613391466398,6.743956984276635e-06,0.3338937393280604,0.018654873607194054,17.89847234340402,1.2120113227650945e-71,694,7634
