pair,w_alt,sample,alpha,N,lam,se_lam,logll,sig2,utu,beta,se_beta
Pair A,W_bank_bin,Full,0.0,886,0.9860125340998058,0.0027333806395379366,-57933.080475710274,0.8531158060186206,44730.75975304046,2.415299357497591,0.01840712553513504
Pair A,W_bank_bin,Full,0.05,886,0.9907386822540513,0.0018719233118009756,-57562.01337445547,0.7873703634444281,76649.56431679164,2.4110149833632213,0.018436411101677454
Pair A,W_bank_bin,Full,0.1,886,0.9925971422714912,0.0015568525292035773,-57187.49952071717,0.7253914716494171,65423.92880912621,2.4057869286195466,0.018455716325381958
Pair A,W_bank_bin,Full,0.15000000000000002,886,0.9941586646152825,0.0012916006376976086,-56809.964598539314,0.6667311001956778,40525.150091496034,2.399843539234439,0.018473275761782818
Pair A,W_bank_bin,Full,0.2,886,0.995619109154176,0.001038568335406272,-56429.60299510658,0.6113035378881411,24893.471333543417,2.3934715758353233,0.01849105649426478
Pair A,W_bank_bin,Full,0.25,886,0.9966807620909341,0.000857544942846994,-56047.481343744075,0.5592496816405857,18173.150954173256,2.386712807966805,0.018508363765290796
Pair A,W_bank_bin,Full,0.30000000000000004,886,0.9974073767251727,0.000736722892853018,-55665.30661564086,0.5106268838181245,15347.633669215058,2.3794129491201006,0.018524489742292125
Pair A,W_bank_bin,Full,0.35000000000000003,886,0.9979147416991195,0.0006535869673648805,-55285.31422936775,0.46544080409729105,14000.511785845045,2.3714522837649885,0.01853875471972799
Pair A,W_bank_bin,Full,0.4,886,0.9982669295821924,0.000595685389355132,-54910.46899703732,0.42369183406480154,13272.502218225882,2.3627694969935376,0.01855029563458503
Pair A,W_bank_bin,Full,0.45,886,0.9984940919957205,0.0005572227070403229,-54544.73360042413,0.3853817647609916,12839.54297634125,2.353351681409143,0.018557994762701008
Pair A,W_bank_bin,Full,0.5,886,0.9986058412978404,0.0005364510845994481,-54193.377551350386,0.35051432945944766,12563.917620399308,2.343241961283388,0.01856044632121049
Pair A,W_bank_bin,Full,0.55,886,0.9985930289994306,0.0005353376963798536,-53863.34303178862,0.31909651672905714,12380.237188017081,2.332559961577939,0.01855594663269573
Pair A,W_bank_bin,Full,0.6000000000000001,886,0.9984168294708916,0.0005617274029223122,-53563.67511449803,0.2911424517974863,12254.395513048283,2.321531486129451,0.01854251668706873
Pair A,W_bank_bin,Full,0.65,886,0.9979637171606655,0.0006381318320913659,-53306.00341943041,0.26668606063706496,12167.169524660005,2.3105287223888658,0.018517930236665505
Pair A,W_bank_bin,Full,0.7000000000000001,886,0.9968398193315846,0.000840677197693366,-53104.96299613645,0.24583627618231824,12107.439261488602,2.3001494818900987,0.018479457474282333
Pair A,W_bank_bin,Full,0.75,886,0.992846759790368,0.0015503323547010263,-52977.47912048736,0.22917884250971057,12072.605491273152,2.291662965927302,0.018420158379428606
Pair A,W_bank_bin,Full,0.8,886,0.9727545410863795,0.003434254096942548,-52929.012058360226,0.22002060816282915,12041.545760226101,2.2895204573212617,0.01829507411958097
Pair A,W_bank_bin,Full,0.8500000000000001,886,0.9366123336399396,0.0039245519257145945,-52927.76053540799,0.21738857620820248,11886.511015036565,2.293036002918052,0.018090456411298753
Pair A,W_bank_bin,Full,0.9,886,0.8983783460553756,0.0038796892982231146,-52950.42154969279,0.21702400497732988,11786.502780784038,2.298101927594652,0.017865172536469447
Pair A,W_bank_bin,Full,0.9500000000000001,886,0.8611355195554796,0.00374563639058651,-52988.23664023559,0.21785135694928556,11739.42757825448,2.303914707444913,0.017632758745720966
Pair A,W_bank_bin,Full,1.0,886,0.8256188588056059,0.0035934347280527214,-53036.27398660672,0.21947394685530172,11713.780584232358,2.310033546399968,0.01739934260772954
Pair B,W_bank_count,Full,0.0,886,0.9856345177471341,0.002376645650437786,-57797.948102877825,0.8301314612001092,471835.7613861847,2.4108261511875577,0.017943487755382872
Pair B,W_bank_count,Full,0.05,886,0.9876983839865274,0.0021142497585923924,-57431.64651209284,0.7673652980036882,535966.3683641218,2.406804900653117,0.017974086778105837
Pair B,W_bank_count,Full,0.1,886,0.9861976333013389,0.002435958311463944,-57066.92371860995,0.7089815852783401,322771.97979173315,2.402399703993304,0.018001615128384083
Pair B,W_bank_count,Full,0.15000000000000002,886,0.9855428834505452,0.0026111817028879646,-56701.49986255862,0.6537335757881821,209581.06696961477,2.3975175378205265,0.01803456237091344
Pair B,W_bank_count,Full,0.2,886,0.985824684536018,0.0026212266884911087,-56334.5795439692,0.6014310748172661,141600.39285018016,2.3920612895691886,0.01807354852328141
Pair B,W_bank_count,Full,0.25,886,0.9871686942343475,0.002441482236336384,-55966.05531010254,0.551944411223454,94863.40411132666,2.38589454225981,0.01811995454121276
Pair B,W_bank_count,Full,0.30000000000000004,886,0.9901568025588243,0.001967058014078386,-55596.1051432075,0.505053010329933,57633.58202264577,2.378759061162246,0.018177900558301072
Pair B,W_bank_count,Full,0.35000000000000003,886,0.995339857207807,0.001089816066474152,-55224.872192701754,0.4603513045482369,26124.89752941885,2.370333127637309,0.01824722751674624
Pair B,W_bank_count,Full,0.4,886,0.9973272403948464,0.0007567734637225321,-54856.134058922034,0.4191606349776036,17379.69847598457,2.3617939015330296,0.018288585444184904
Pair B,W_bank_count,Full,0.45,886,0.9980349262582484,0.0006419325933157694,-54496.19433367042,0.38154991069361666,14831.36901999023,2.3527767848166534,0.018319960096196117
Pair B,W_bank_count,Full,0.5,886,0.9983440383366259,0.000591294090363315,-54150.83363345451,0.34736818204740344,13709.441057768097,2.343126445729227,0.018346358766941056
Pair B,W_bank_count,Full,0.55,886,0.9984058197765251,0.0005788069839121668,-53827.11019725687,0.3165911506754657,13114.67287361797,2.3329143250662607,0.01836715046692602
Pair B,W_bank_count,Full,0.6000000000000001,886,0.9982181370776835,0.0006056128090397049,-53534.04264572937,0.2892255732099022,12767.332070427552,2.3223414147138755,0.018380383111163367
Pair B,W_bank_count,Full,0.65,886,0.9976391809368219,0.000698026807192492,-53283.09987495427,0.26531198909612635,12560.47354236184,2.311771424139551,0.01838317528745854
Pair B,W_bank_count,Full,0.7000000000000001,886,0.9960650726891384,0.0009636604826287603,-53088.49304688474,0.24500940990412953,12466.109352172965,2.301861340482786,0.018370793037427925
Pair B,W_bank_count,Full,0.75,886,0.9896794357717821,0.0019742456485416855,-52965.43878677043,0.22928912560289622,12615.652272330613,2.2944562799920507,0.018326083114379603
Pair B,W_bank_count,Full,0.8,886,0.9668093180754029,0.0036437038694522063,-52913.91515548942,0.22081041827339712,12826.0936322137,2.2933031267260207,0.01819631525224477
Pair B,W_bank_count,Full,0.8500000000000001,886,0.9336021116589773,0.003956704646651082,-52911.045942669836,0.2173817811716057,12258.49219177798,2.2954912186073857,0.01801692067983122
Pair B,W_bank_count,Full,0.9,886,0.896986598149939,0.003892426825008412,-52937.04650953613,0.21676998224796418,11904.657749807158,2.2995383543379586,0.017818323922383854
Pair B,W_bank_count,Full,0.9500000000000001,886,0.8606057836414479,0.003751047298292054,-52980.78244654622,0.21765025478237812,11767.733335489014,2.3045703761970504,0.01761033384274677
Pair B,W_bank_count,Full,1.0,886,0.8256188588056059,0.0035934347280527214,-53036.27398660672,0.21947394685530172,11713.780584232358,2.310033546399968,0.01739934260772954
Pair C,W_bank_nonGeo,Full,0.0,876,0.978787350544767,0.004109599830125344,-57848.999732944845,0.9766698424740633,50613.547012312214,2.425420289145782,0.01850385604337777
Pair C,W_bank_nonGeo,Full,0.05,876,0.9858990511285802,0.002832886745278203,-57459.00743592534,0.8999490164082379,61263.636118059105,2.4210845642537615,0.018531110145651446
Pair C,W_bank_nonGeo,Full,0.1,876,0.9897870136037676,0.0021435627861182056,-57064.43628839874,0.8271633575707541,65774.02823088839,2.4163817275538437,0.018555400437247894
Pair C,W_bank_nonGeo,Full,0.15000000000000002,876,0.9923455303819532,0.0016997841884893886,-56666.31084943993,0.7583332219714659,65858.83326114892,2.4112357148088845,0.018580071646994153
Pair C,W_bank_nonGeo,Full,0.2,876,0.9941834662734069,0.0013874577758827683,-56265.401609051994,0.6934837697585414,62309.6088048706,2.4055573956667122,0.018606192700073722
Pair C,W_bank_nonGeo,Full,0.25,876,0.9955712888557241,0.0011550512744382818,-55862.5408781907,0.6326141306549309,56172.285561819386,2.3992746501597413,0.01863394250284076
Pair C,W_bank_nonGeo,Full,0.30000000000000004,876,0.9966408261284359,0.0009772941445596087,-55458.82005649147,0.5757095701910712,48795.44180392685,2.392336316308806,0.01866283175754408
Pair C,W_bank_nonGeo,Full,0.35000000000000003,876,0.9974602165872803,0.0008411170560559024,-55055.828741349345,0.5227558516195201,41452.10920675966,2.3847066254366913,0.01869189713539838
Pair C,W_bank_nonGeo,Full,0.4,876,0.9980701366312589,0.0007387128872524131,-54655.93887341414,0.47374728492991475,34988.678613414995,2.3763607608350066,0.01871991590394341
Pair C,W_bank_nonGeo,Full,0.45,876,0.9984985960839806,0.0006646904296285739,-54262.61490707701,0.4286879793048338,29750.033135993595,2.3672903543211574,0.01874552887116964
Pair C,W_bank_nonGeo,Full,0.5,876,0.9987630515140831,0.0006156992049785623,-53880.75610425647,0.3875897048479307,25721.355512714938,2.3575209478959946,0.01876723005590547
Pair C,W_bank_nonGeo,Full,0.55,876,0.9988666663834018,0.0005911998279037144,-53517.10005835729,0.3504695221238676,22714.937959762625,2.3471396197835652,0.018783275509041106
Pair C,W_bank_nonGeo,Full,0.6000000000000001,876,0.9987881287794497,0.0005954947176269785,-53180.71712615706,0.3173498057598866,20502.306479104613,2.3363317682009423,0.01879157787884271
Pair C,W_bank_nonGeo,Full,0.65,876,0.9984500835173934,0.0006439246209312896,-52883.60732694042,0.2882651407687501,18879.50518199015,2.325428571278505,0.018789605055123688
Pair C,W_bank_nonGeo,Full,0.7000000000000001,876,0.9975948539389019,0.0007867355965159623,-52641.35283470263,0.2632940142066713,17689.16468632192,2.314980326508865,0.018774109708929034
Pair C,W_bank_nonGeo,Full,0.75,876,0.9950533584577768,0.0012395414679692385,-52473.34787252614,0.24274613440893605,16819.85624006376,2.3060089349140203,0.018739014806405767
Pair C,W_bank_nonGeo,Full,0.8,876,0.9834554528345716,0.0028297645641620892,-52397.14325943826,0.22847868713469838,15891.318064580326,2.301711827286898,0.018656905545598988
Pair C,W_bank_nonGeo,Full,0.8500000000000001,876,0.9497915388199877,0.003924911218745417,-52397.100585621265,0.22339699757341866,13514.099080169122,2.3059763635978734,0.01847206020800745
Pair C,W_bank_nonGeo,Full,0.9,876,0.9053206676027674,0.003971697859981278,-52427.70502056176,0.22346942552821114,12191.210358493398,2.3129838387860584,0.018222029567283866
Pair C,W_bank_nonGeo,Full,0.9500000000000001,876,0.862682468296814,0.003828024178097562,-52470.224331088524,0.22463051689987132,11836.103504313163,2.3196630844786217,0.017960564034282405
Pair C,W_bank_nonGeo,Full,1.0,876,0.8230526509498935,0.003652756134502271,-52520.52110305818,0.22636182741364103,11716.485846502084,2.3260647347434458,0.017698842015069015
Pair A,W_bank_bin,Non-border,0.0,629,0.9851013314311283,0.002920706472323863,-39990.45038480439,0.8604195425555974,44627.88317956605,2.4989606268359386,0.022428660185731166
Pair A,W_bank_bin,Non-border,0.05,629,0.9923485707190314,0.0016284025803451293,-39722.70208616109,0.7914188234988542,167443.5999697626,2.4927740392134887,0.022597572019807673
Pair A,W_bank_bin,Non-border,0.1,629,0.9927415044576711,0.0016610835626494618,-39454.753923683325,0.7282594004563598,95949.47591476422,2.4854141295477983,0.022784571814813477
Pair A,W_bank_bin,Non-border,0.15000000000000002,629,0.9937456831331184,0.0015592956124891259,-39186.11079242816,0.6685427064575589,54981.80943086869,2.4771017414628766,0.023008044431888686
Pair A,W_bank_bin,Non-border,0.2,629,0.9951644664314709,0.00136127782228889,-38915.854065255735,0.6120466307609086,34671.25611462538,2.4675810463504995,0.023268389975892645
Pair A,W_bank_bin,Non-border,0.25,629,0.9964872829326278,0.001168140102563399,-38644.338575060094,0.5588943905443168,24335.97461413791,2.4565274427277894,0.023567944159041673
Pair A,W_bank_bin,Non-border,0.30000000000000004,629,0.9975334154609755,0.00101624224980152,-38372.6183811927,0.5091884411022789,18826.39691585741,2.4434923433677826,0.023913323411066077
Pair A,W_bank_bin,Non-border,0.35000000000000003,629,0.998313438758692,0.0009039612789340926,-38102.2409376139,0.4629683794214896,15678.71241911396,2.42792333904368,0.024314308609694312
Pair A,W_bank_bin,Non-border,0.4,629,0.998869527597391,0.0008232462925607901,-37835.28793355254,0.4202432865977834,13756.205042384012,2.4091445836986907,0.0247827414415609
Pair A,W_bank_bin,Non-border,0.45,629,0.999231428830405,0.0007684194763943599,-37574.52707923845,0.3810095366965112,12519.055326630927,2.386313698080697,0.02533231868519736
Pair A,W_bank_bin,Non-border,0.5,629,0.9994105957518108,0.000737387419709678,-37323.61572161818,0.34525664963655567,11695.775136654576,2.358379759420817,0.025978385505363185
Pair A,W_bank_bin,Non-border,0.55,629,0.9993966429499351,0.0007323560595900742,-37087.35125162828,0.31297035240317544,11142.877748676372,2.324060787072691,0.026737031798528738
Pair A,W_bank_bin,Non-border,0.6000000000000001,629,0.9991429620704624,0.0007626260165790809,-36871.979462738556,0.2841381149234531,10783.177949173385,2.281884496598405,0.02762259047080243
Pair A,W_bank_bin,Non-border,0.65,629,0.9985134950405774,0.0008547320641537201,-36685.57650859908,0.25876741914197254,10577.03662945417,2.2304177850100757,0.028641513150969286
Pair A,W_bank_bin,Non-border,0.7000000000000001,629,0.9970567482135322,0.0010934935329359832,-36538.470181267716,0.2369595177324995,10506.30863621785,2.169119694388003,0.029775984726809753
Pair A,W_bank_bin,Non-border,0.75,629,0.9926289547448288,0.0018269441990458367,-36442.9922840525,0.21933412440810687,10549.75778921722,2.1023266040755573,0.030916642705900124
Pair A,W_bank_bin,Non-border,0.8,629,0.9755489022874558,0.003459843555938562,-36405.84090094921,0.20869619052713786,10525.612618496292,2.0565956547990996,0.03158595624474094
Pair A,W_bank_bin,Non-border,0.8500000000000001,629,0.9428260069374027,0.004036246528901576,-36410.67822299859,0.20537795340220844,10172.209576408108,2.054136896609511,0.03146598443520637
Pair A,W_bank_bin,Non-border,0.9,629,0.9048675107407204,0.004050517690697096,-36437.60020366966,0.20564920220242278,9806.554046627574,2.076906813755655,0.03092572457707871
Pair A,W_bank_bin,Non-border,0.9500000000000001,629,0.8666894967816373,0.003957662432570598,-36476.52399143987,0.2075954965639414,9553.518391527668,2.110345215810112,0.03020846634168061
Pair A,W_bank_bin,Non-border,1.0,629,0.8299325979052443,0.003836081439887052,-36522.397499529565,0.21045461976725094,9371.481434326632,2.1472391385090637,0.029423370669379917
Pair B,W_bank_count,Non-border,0.0,629,0.9845222644125498,0.0025055183617328962,-39845.85369962517,0.8248545814276136,440419.1119249738,2.497098832652961,0.02166738337880202
Pair B,W_bank_count,Non-border,0.05,629,0.9869318263032335,0.0022640128346014038,-39580.569400577515,0.7605023523174849,495698.54183855845,2.489782769580739,0.02182580911834155
Pair B,W_bank_count,Non-border,0.1,629,0.9832800176257237,0.0029973137204353344,-39324.16668020947,0.7028747391168614,220138.27094522407,2.483610237874726,0.022011760503466343
Pair B,W_bank_count,Non-border,0.15000000000000002,629,0.981819011189491,0.00336149112230371,-39068.517021673375,0.6481876719516009,127966.42635083673,2.4766069014297587,0.022236907535111424
Pair B,W_bank_count,Non-border,0.2,629,0.982113441137341,0.0034224321656420088,-38811.94378736039,0.5962045474511608,82520.2615273718,2.4684539190821266,0.022507368417100656
Pair B,W_bank_count,Non-border,0.25,629,0.9841408808351852,0.003179571623778075,-38553.803984469225,0.5467429016388761,55081.66990103983,2.458813052381148,0.022834397676613865
Pair B,W_bank_count,Non-border,0.30000000000000004,629,0.9881444470184154,0.0025853785338023,-38293.85867410172,0.49958532578947656,36216.83142685858,2.4472131429105994,0.023234428455801474
Pair B,W_bank_count,Non-border,0.35000000000000003,629,0.9932523197020182,0.0017749800819492191,-38032.563714800875,0.4547297615952297,23491.193368669014,2.4328365306971054,0.02370964265396562
Pair B,W_bank_count,Non-border,0.4,629,0.9963470870645732,0.0012816461201230996,-37772.65965316531,0.4130606336820274,17357.562374724635,2.4147070163699316,0.024229033689872097
Pair B,W_bank_count,Non-border,0.45,629,0.997785372712936,0.0010557274552939655,-37518.36670021887,0.37492148062832625,14511.458442005622,2.3922391555722897,0.024811907917132826
Pair B,W_bank_count,Non-border,0.5,629,0.9984570077608811,0.0009476699748416647,-37273.984375632266,0.3402357110856365,12949.492911665577,2.3645546112575646,0.025486765968118618
Pair B,W_bank_count,Non-border,0.55,629,0.9986447353787516,0.000910012110612611,-37044.52250016268,0.3089551067107208,12002.853818484644,2.330431052198653,0.026274378283091787
Pair B,W_bank_count,Non-border,0.6000000000000001,629,0.9983792226470887,0.0009384891555893723,-36836.23698443695,0.2810604361952115,11412.166229051,2.2884401802475285,0.027190297820283267
Pair B,W_bank_count,Non-border,0.65,629,0.9974656396972611,0.001067563012547184,-36657.02055715813,0.2565784450720895,11065.456017171986,2.237275316516327,0.028238511231788593
Pair B,W_bank_count,Non-border,0.7000000000000001,629,0.9950793673434026,0.001433016947957095,-36516.636370400985,0.23570744216367218,10918.722049138385,2.177006885249229,0.029386269853419356
Pair B,W_bank_count,Non-border,0.75,629,0.9876372404974353,0.002471418856192906,-36425.49965150241,0.21942228224937596,10944.687817910093,2.1148256853819043,0.030459458108202817
Pair B,W_bank_count,Non-border,0.8,629,0.9681360659600468,0.0037806397434491236,-36386.707613091545,0.20957474653737612,10865.057229839527,2.0732631476699335,0.03105596115180062
Pair B,W_bank_count,Non-border,0.8500000000000001,629,0.9383440443271792,0.004107329422477711,-36390.0185140411,0.20539805229357028,10403.429626432973,2.063682219924958,0.031095580038754407
Pair B,W_bank_count,Non-border,0.9,629,0.9029019105837012,0.004074174724017545,-36420.74436723977,0.20517956824345177,9912.587771139533,2.080636066835057,0.030722550853624946
Pair B,W_bank_count,Non-border,0.9500000000000001,629,0.8660091699219151,0.0039655967050760445,-36467.13257893535,0.20720957213363453,9583.637640921297,2.1115041254427527,0.03012248586488242
Pair B,W_bank_count,Non-border,1.0,629,0.8299325979052443,0.003836081439887052,-36522.397499529565,0.21045461976725094,9371.481434326632,2.1472391385090637,0.029423370669379917
Pair C,W_bank_nonGeo,Non-border,0.0,621,0.957774977338123,0.007996409736697685,-40005.01078018574,1.0263652258438538,12915.506219900668,2.513835479120388,0.022654151579635746
Pair C,W_bank_nonGeo,Non-border,0.05,621,0.9771532177943982,0.004632558670722413,-39727.75192923019,0.9441148810314032,14028.525283635776,2.5083530346027554,0.022862267398240113
Pair C,W_bank_nonGeo,Non-border,0.1,621,0.9860601455603147,0.003068771381881396,-39444.5170306078,0.8658761960331599,14581.281990959258,2.502306634885153,0.023051778148058845
Pair C,W_bank_nonGeo,Non-border,0.15000000000000002,621,0.9909626857837055,0.0022432374988453,-39157.2754563106,0.7918265996356871,14983.731658995146,2.4954941159020083,0.02325135123135325
Pair C,W_bank_nonGeo,Non-border,0.2,621,0.994045332715485,0.0017517366489615842,-38867.00875662967,0.7220280901532043,15253.94210454603,2.487538998045114,0.02347432592323788
Pair C,W_bank_nonGeo,Non-border,0.25,621,0.9961626121508615,0.00143072610244667,-38574.55843073856,0.6565131439327647,15336.08492561137,2.4780660312014087,0.023730626549219782
Pair C,W_bank_nonGeo,Non-border,0.30000000000000004,621,0.9976906780319107,0.001207368723042774,-38280.932523633324,0.5953032875074299,15192.58328668392,2.4666873428752165,0.024030085573748777
Pair C,W_bank_nonGeo,Non-border,0.35000000000000003,621,0.9988133970098115,0.0010458996105847274,-37987.47544107438,0.5384091678300602,14832.174456209577,2.452964252521611,0.024383552539775546
Pair C,W_bank_nonGeo,Non-border,0.4,621,0.9996276433995579,0.0009274553832198163,-37696.02430976208,0.48582997957498997,14308.328471596076,2.4363590020731585,0.024803366159155578
Pair C,W_bank_nonGeo,Non-border,0.45,621,0.9999999512347525,0.0008789487350165727,-37409.10988284204,0.4376367834501922,13708.71140231898,2.4162609203248717,0.025301307217181095
Pair C,W_bank_nonGeo,Non-border,0.5,621,0.9999999512347525,0.0008866529478239674,-37130.23738704743,0.3937939721606636,13101.764619301226,2.3917833333416794,0.025892777327694596
Pair C,W_bank_nonGeo,Non-border,0.55,621,0.9999999512347525,0.0008763404362956013,-36863.99549125374,0.35410939564115335,12530.838462480053,2.3615692267375885,0.026600631402270092
Pair C,W_bank_nonGeo,Non-border,0.6000000000000001,621,0.9999999512347525,0.0008481010958728721,-36616.63109596652,0.31854833690633894,12041.670921192595,2.324069768369281,0.02744502313280171
Pair C,W_bank_nonGeo,Non-border,0.65,621,0.9999889704459578,0.0008042409854560415,-36396.66326315456,0.2870788759426701,11662.372645739102,2.277444301146127,0.028444067838405206
Pair C,W_bank_nonGeo,Non-border,0.7000000000000001,621,0.9989183536395291,0.0009518235473320223,-36215.377769312705,0.26006682969176975,11421.585461817143,2.221195469216717,0.02957558337411383
Pair C,W_bank_nonGeo,Non-border,0.75,621,0.9961751806255805,0.0013939048876267337,-36087.15014158713,0.23759407060087423,11312.643754060347,2.1560715747182,0.030792606167365896
Pair C,W_bank_nonGeo,Non-border,0.8,621,0.9852642237622209,0.0028957728725244256,-36026.7696033188,0.2215514893196284,11248.556471476373,2.0976103214075894,0.031778338086580885
Pair C,W_bank_nonGeo,Non-border,0.8500000000000001,621,0.9538769572178379,0.0041351412701075415,-36027.42548470369,0.2152194317147155,10718.480891100666,2.08511999779671,0.03186255882795207
Pair C,W_bank_nonGeo,Non-border,0.9,621,0.910788906486714,0.004219884083250958,-36058.51114667624,0.21516306605244923,9963.962788086003,2.111052472876673,0.03124050162688975
Pair C,W_bank_nonGeo,Non-border,0.9500000000000001,621,0.8665086556971675,0.00410759198592302,-36100.15577645507,0.21741743414963555,9506.914709025888,2.1494101291659957,0.030363609455165107
Pair C,W_bank_nonGeo,Non-border,1.0,621,0.8248261547446725,0.00395673369166182,-36145.57514960707,0.22036899851203998,9254.685420969829,2.188236654395337,0.0294475817883705
