outcome,level,year,w_matrix,moran_I,expected_I,z_score,p_value,significant,n_units,n_links,possible_links,density,sparsity,avg_nbrs
credit,county,1995,W_geo,0.1335903509404956,-0.0011534025374855825,4.557612376137548,0.001,True,868,3502,1045506,0.0033495742731270792,0.9966504257268729,3.423264907135875
credit,county,1996,W_geo,0.10955190371180225,-0.0010857763300760044,3.955600124515296,0.001,True,922,3502,1045506,0.0033495742731270792,0.9966504257268729,3.423264907135875
credit,county,1997,W_geo,0.08364986593190053,-0.0010183299389002036,3.0845621635021687,0.002,True,983,3502,1045506,0.0033495742731270792,0.9966504257268729,3.423264907135875
credit,county,1998,W_geo,0.16738900921548083,-0.0010090817356205853,6.207531480209851,0.001,True,992,3502,1045506,0.0033495742731270792,0.9966504257268729,3.423264907135875
credit,county,1999,W_geo,0.2648675654865755,-0.0010070493454179255,9.73018032350439,0.001,True,994,3502,1045506,0.0033495742731270792,0.9966504257268729,3.423264907135875
credit,county,2000,W_geo,0.2382607443275344,-0.0010070493454179255,8.720955493161432,0.001,True,994,3502,1045506,0.0033495742731270792,0.9966504257268729,3.423264907135875
credit,county,2001,W_geo,0.2125325472759533,-0.0010080645161290322,7.98117471557124,0.001,True,993,3502,1045506,0.0033495742731270792,0.9966504257268729,3.423264907135875
credit,county,2002,W_geo,0.16173497567448855,-0.0010080645161290322,6.100744394527992,0.001,True,993,3502,1045506,0.0033495742731270792,0.9966504257268729,3.423264907135875
credit,county,2003,W_geo,0.08420053386160185,-0.0010080645161290322,3.2292296655434636,0.001,True,993,3502,1045506,0.0033495742731270792,0.9966504257268729,3.423264907135875
credit,county,2004,W_geo,0.18405869500441446,-0.0010070493454179255,6.5889234816119435,0.001,True,994,3502,1045506,0.0033495742731270792,0.9966504257268729,3.423264907135875
credit,county,2005,W_geo,0.2203864765521225,-0.0010070493454179255,8.399598399333815,0.001,True,994,3502,1045506,0.0033495742731270792,0.9966504257268729,3.423264907135875
credit,county,1995,W_bank_bin,0.033961845346889015,-0.001141552511415525,4.784810990514935,0.004,True,877,421092,1045506,0.4027638291889286,0.5972361708110714,411.62463343108504
credit,county,1996,W_bank_bin,0.023267425628551795,-0.0010845986984815619,3.579807419877228,0.003,True,923,421092,1045506,0.4027638291889286,0.5972361708110714,411.62463343108504
credit,county,1997,W_bank_bin,0.029711241665465824,-0.0010235414534288639,3.939338842007385,0.007,True,978,421092,1045506,0.4027638291889286,0.5972361708110714,411.62463343108504
credit,county,1998,W_bank_bin,0.05537463823668053,-0.0010162601626016261,7.344567119502186,0.001,True,985,421092,1045506,0.4027638291889286,0.5972361708110714,411.62463343108504
credit,county,1999,W_bank_bin,0.0700559922990408,-0.0010152284263959391,8.910319209205367,0.001,True,986,421092,1045506,0.4027638291889286,0.5972361708110714,411.62463343108504
credit,county,2000,W_bank_bin,0.04003688209820478,-0.0010152284263959391,5.389617162224711,0.001,True,986,421092,1045506,0.4027638291889286,0.5972361708110714,411.62463343108504
credit,county,2001,W_bank_bin,0.07442515042784172,-0.0010162601626016261,9.59777013732375,0.001,True,985,421092,1045506,0.4027638291889286,0.5972361708110714,411.62463343108504
credit,county,2002,W_bank_bin,0.027654040758993956,-0.0010162601626016261,3.492456951575526,0.002,True,985,421092,1045506,0.4027638291889286,0.5972361708110714,411.62463343108504
credit,county,2003,W_bank_bin,0.05663735069451443,-0.0010162601626016261,7.443174852044257,0.001,True,985,421092,1045506,0.4027638291889286,0.5972361708110714,411.62463343108504
credit,county,2004,W_bank_bin,0.0631916640240345,-0.0010152284263959391,8.086066023553343,0.001,True,986,421092,1045506,0.4027638291889286,0.5972361708110714,411.62463343108504
credit,county,2005,W_bank_bin,0.037639753045988364,-0.0010152284263959391,4.59287796420546,0.001,True,986,421092,1045506,0.4027638291889286,0.5972361708110714,411.62463343108504
credit,county,1995,W_bank_count,0.031650760753697764,-0.001141552511415525,4.431222186422168,0.002,True,877,421092,1045506,0.4027638291889286,0.5972361708110714,411.62463343108504
credit,county,1996,W_bank_count,0.016324467579816915,-0.0010845986984815619,2.1298051149253463,0.025,True,923,421092,1045506,0.4027638291889286,0.5972361708110714,411.62463343108504
credit,county,1997,W_bank_count,0.030768170243654167,-0.0010235414534288639,3.949389706762439,0.002,True,978,421092,1045506,0.4027638291889286,0.5972361708110714,411.62463343108504
credit,county,1998,W_bank_count,0.053952176012126776,-0.0010162601626016261,6.403953509006001,0.001,True,985,421092,1045506,0.4027638291889286,0.5972361708110714,411.62463343108504
credit,county,1999,W_bank_count,0.07234135534903192,-0.0010152284263959391,8.2978417541986,0.001,True,986,421092,1045506,0.4027638291889286,0.5972361708110714,411.62463343108504
credit,county,2000,W_bank_count,0.03938747985587916,-0.0010152284263959391,4.833367808350317,0.001,True,986,421092,1045506,0.4027638291889286,0.5972361708110714,411.62463343108504
credit,county,2001,W_bank_count,0.08531403732956865,-0.0010162601626016261,10.436538387014174,0.001,True,985,421092,1045506,0.4027638291889286,0.5972361708110714,411.62463343108504
credit,county,2002,W_bank_count,0.030647126125735828,-0.0010162601626016261,4.0072492114586185,0.001,True,985,421092,1045506,0.4027638291889286,0.5972361708110714,411.62463343108504
credit,county,2003,W_bank_count,0.06417597759389472,-0.0010162601626016261,7.745000992064196,0.001,True,985,421092,1045506,0.4027638291889286,0.5972361708110714,411.62463343108504
credit,county,2004,W_bank_count,0.0614355485503122,-0.0010152284263959391,6.958305048545343,0.001,True,986,421092,1045506,0.4027638291889286,0.5972361708110714,411.62463343108504
credit,county,2005,W_bank_count,0.04430986222963043,-0.0010152284263959391,5.3176182512037595,0.001,True,986,421092,1045506,0.4027638291889286,0.5972361708110714,411.62463343108504
credit,county,1995,W_bank_nonGeo,0.018094394678012934,-0.001152073732718894,3.0972365530298513,0.008,True,869,417852,1045506,0.39966485127775453,0.6003351487222455,408.4574780058651
credit,county,1996,W_bank_nonGeo,0.02291459837070247,-0.0010940919037199124,3.7059922687111357,0.006,True,915,417852,1045506,0.39966485127775453,0.6003351487222455,408.4574780058651
credit,county,1997,W_bank_nonGeo,0.019802637812307962,-0.001034126163391934,2.8520258115829225,0.01,True,968,417852,1045506,0.39966485127775453,0.6003351487222455,408.4574780058651
credit,county,1998,W_bank_nonGeo,0.03542195734733324,-0.0010277492291880781,4.851518021409213,0.001,True,974,417852,1045506,0.39966485127775453,0.6003351487222455,408.4574780058651
credit,county,1999,W_bank_nonGeo,0.06095431767640143,-0.001026694045174538,8.378924334259176,0.001,True,975,417852,1045506,0.39966485127775453,0.6003351487222455,408.4574780058651
credit,county,2000,W_bank_nonGeo,0.009562718289473289,-0.001026694045174538,1.4200132785503576,0.073,False,975,417852,1045506,0.39966485127775453,0.6003351487222455,408.4574780058651
credit,county,2001,W_bank_nonGeo,0.06847510195498009,-0.0010277492291880781,9.144411594908492,0.001,True,974,417852,1045506,0.39966485127775453,0.6003351487222455,408.4574780058651
credit,county,2002,W_bank_nonGeo,0.03676880197117284,-0.0010277492291880781,5.092832767877352,0.001,True,974,417852,1045506,0.39966485127775453,0.6003351487222455,408.4574780058651
credit,county,2003,W_bank_nonGeo,0.039365278928316254,-0.0010277492291880781,5.328207445716247,0.001,True,974,417852,1045506,0.39966485127775453,0.6003351487222455,408.4574780058651
credit,county,2004,W_bank_nonGeo,0.0237559447788515,-0.001026694045174538,3.5438198774651135,0.003,True,975,417852,1045506,0.39966485127775453,0.6003351487222455,408.4574780058651
credit,county,2005,W_bank_nonGeo,0.02451821869190753,-0.001026694045174538,3.294729476463856,0.002,True,975,417852,1045506,0.39966485127775453,0.6003351487222455,408.4574780058651
credit,county,1995,W_bank_knn_1,0.1292297950771716,-0.0012437810945273632,2.8979343994595888,0.011,True,805,1012,1045506,0.0009679523599099383,0.99903204764009,0.989247311827957
credit,county,1996,W_bank_knn_1,0.13859626278861478,-0.0011441647597254005,3.5123750347561904,0.002,True,875,1012,1045506,0.0009679523599099383,0.99903204764009,0.989247311827957
credit,county,1997,W_bank_knn_1,0.0917201014419546,-0.0010582010582010583,2.460012827550769,0.009,True,946,1012,1045506,0.0009679523599099383,0.99903204764009,0.989247311827957
credit,county,1998,W_bank_knn_1,0.15838228777928967,-0.0010449320794148381,3.989091205118503,0.001,True,958,1012,1045506,0.0009679523599099383,0.99903204764009,0.989247311827957
credit,county,1999,W_bank_knn_1,0.2072584560890336,-0.0010384215991692627,5.27898290952453,0.001,True,964,1012,1045506,0.0009679523599099383,0.99903204764009,0.989247311827957
credit,county,2000,W_bank_knn_1,0.24428934164683797,-0.0010384215991692627,6.142809632390661,0.001,True,964,1012,1045506,0.0009679523599099383,0.99903204764009,0.989247311827957
credit,county,2001,W_bank_knn_1,0.23807101993792007,-0.001040582726326743,5.932152335167153,0.001,True,962,1012,1045506,0.0009679523599099383,0.99903204764009,0.989247311827957
credit,county,2002,W_bank_knn_1,0.14886102220119896,-0.001040582726326743,3.942898257029549,0.001,True,962,1012,1045506,0.0009679523599099383,0.99903204764009,0.989247311827957
credit,county,2003,W_bank_knn_1,0.21718714000176675,-0.001040582726326743,5.670158112287736,0.001,True,962,1012,1045506,0.0009679523599099383,0.99903204764009,0.989247311827957
credit,county,2004,W_bank_knn_1,0.1832032236675149,-0.0010384215991692627,4.7053862002799915,0.001,True,964,1012,1045506,0.0009679523599099383,0.99903204764009,0.989247311827957
credit,county,2005,W_bank_knn_1,0.2693710026140913,-0.0010384215991692627,6.965095374967169,0.001,True,964,1012,1045506,0.0009679523599099383,0.99903204764009,0.989247311827957
credit,county,1995,W_bank_knn_2,0.11926858893274976,-0.0011574074074074073,3.8230813929463787,0.001,True,865,2012,1045506,0.0019244270238525651,0.9980755729761475,1.9667644183773216
credit,county,1996,W_bank_knn_2,0.10768156407605803,-0.0010964912280701754,3.5958500403778757,0.001,True,913,2012,1045506,0.0019244270238525651,0.9980755729761475,1.9667644183773216
credit,county,1997,W_bank_knn_2,0.08533369516689931,-0.0010330578512396695,2.981662057975597,0.005,True,969,2012,1045506,0.0019244270238525651,0.9980755729761475,1.9667644183773216
credit,county,1998,W_bank_knn_2,0.14921594187330015,-0.0010256410256410256,5.1496551816704965,0.001,True,976,2012,1045506,0.0019244270238525651,0.9980755729761475,1.9667644183773216
credit,county,1999,W_bank_knn_2,0.20170604798638533,-0.0010245901639344263,7.046922949194076,0.001,True,977,2012,1045506,0.0019244270238525651,0.9980755729761475,1.9667644183773216
credit,county,2000,W_bank_knn_2,0.21560980788120862,-0.0010245901639344263,7.548065881956212,0.001,True,977,2012,1045506,0.0019244270238525651,0.9980755729761475,1.9667644183773216
credit,county,2001,W_bank_knn_2,0.20368515305544507,-0.0010256410256410256,7.252870934692444,0.001,True,976,2012,1045506,0.0019244270238525651,0.9980755729761475,1.9667644183773216
credit,county,2002,W_bank_knn_2,0.12489409277617489,-0.0010256410256410256,4.446139923418361,0.001,True,976,2012,1045506,0.0019244270238525651,0.9980755729761475,1.9667644183773216
credit,county,2003,W_bank_knn_2,0.1884706128915508,-0.0010256410256410256,6.444355138115019,0.001,True,976,2012,1045506,0.0019244270238525651,0.9980755729761475,1.9667644183773216
credit,county,2004,W_bank_knn_2,0.15271892655430525,-0.0010245901639344263,5.486233348427446,0.001,True,977,2012,1045506,0.0019244270238525651,0.9980755729761475,1.9667644183773216
credit,county,2005,W_bank_knn_2,0.20658696568324697,-0.0010245901639344263,7.0370920315347085,0.001,True,977,2012,1045506,0.0019244270238525651,0.9980755729761475,1.9667644183773216
credit,county,1995,W_bank_knn_3,0.09147443828170498,-0.0011467889908256881,3.541584261786253,0.002,True,873,3007,1045506,0.002876119314475479,0.9971238806855245,2.9393939393939394
credit,county,1996,W_bank_knn_3,0.1088482520038251,-0.001088139281828074,4.363348096788509,0.001,True,920,3007,1045506,0.002876119314475479,0.9971238806855245,2.9393939393939394
credit,county,1997,W_bank_knn_3,0.07781157876346576,-0.001026694045174538,3.379771726806285,0.002,True,975,3007,1045506,0.002876119314475479,0.9971238806855245,2.9393939393939394
credit,county,1998,W_bank_knn_3,0.16852463221299077,-0.0010193679918450561,7.105794018797346,0.001,True,982,3007,1045506,0.002876119314475479,0.9971238806855245,2.9393939393939394
credit,county,1999,W_bank_knn_3,0.20324326739223983,-0.0010183299389002036,8.215175810846796,0.001,True,983,3007,1045506,0.002876119314475479,0.9971238806855245,2.9393939393939394
credit,county,2000,W_bank_knn_3,0.18024626675112998,-0.0010183299389002036,7.593750831778854,0.001,True,983,3007,1045506,0.002876119314475479,0.9971238806855245,2.9393939393939394
credit,county,2001,W_bank_knn_3,0.18503971239412403,-0.0010193679918450561,8.237701308705347,0.001,True,982,3007,1045506,0.002876119314475479,0.9971238806855245,2.9393939393939394
credit,county,2002,W_bank_knn_3,0.11859811431575823,-0.0010193679918450561,5.065213788919141,0.001,True,982,3007,1045506,0.002876119314475479,0.9971238806855245,2.9393939393939394
credit,county,2003,W_bank_knn_3,0.15932014135813177,-0.0010193679918450561,6.636913844681737,0.001,True,982,3007,1045506,0.002876119314475479,0.9971238806855245,2.9393939393939394
credit,county,2004,W_bank_knn_3,0.14908293479248683,-0.0010183299389002036,6.160151315765416,0.001,True,983,3007,1045506,0.002876119314475479,0.9971238806855245,2.9393939393939394
credit,county,2005,W_bank_knn_3,0.20200311036199942,-0.0010183299389002036,8.564760612244607,0.001,True,983,3007,1045506,0.002876119314475479,0.9971238806855245,2.9393939393939394
credit,county,1995,W_bank_knn_4,0.08471558162627311,-0.001142857142857143,3.8785758623917093,0.001,True,876,3993,1045506,0.0038192033331229088,0.9961807966668771,3.903225806451613
credit,county,1996,W_bank_knn_4,0.11137301190063356,-0.0010857763300760044,5.343344371767118,0.001,True,922,3993,1045506,0.0038192033331229088,0.9961807966668771,3.903225806451613
credit,county,1997,W_bank_knn_4,0.07790020342697626,-0.0010245901639344263,3.671105796561387,0.001,True,977,3993,1045506,0.0038192033331229088,0.9961807966668771,3.903225806451613
credit,county,1998,W_bank_knn_4,0.1511231886561762,-0.001017293997965412,7.063139348725874,0.001,True,984,3993,1045506,0.0038192033331229088,0.9961807966668771,3.903225806451613
credit,county,1999,W_bank_knn_4,0.19544208570762764,-0.0010162601626016261,9.725898873940034,0.001,True,985,3993,1045506,0.0038192033331229088,0.9961807966668771,3.903225806451613
credit,county,2000,W_bank_knn_4,0.17994139785979296,-0.0010162601626016261,8.319920494267672,0.001,True,985,3993,1045506,0.0038192033331229088,0.9961807966668771,3.903225806451613
credit,county,2001,W_bank_knn_4,0.18881772448945208,-0.001017293997965412,9.033630096489048,0.001,True,984,3993,1045506,0.0038192033331229088,0.9961807966668771,3.903225806451613
credit,county,2002,W_bank_knn_4,0.10908170070139367,-0.001017293997965412,5.178912285747769,0.001,True,984,3993,1045506,0.0038192033331229088,0.9961807966668771,3.903225806451613
credit,county,2003,W_bank_knn_4,0.13826884076600085,-0.001017293997965412,6.371704970268974,0.001,True,984,3993,1045506,0.0038192033331229088,0.9961807966668771,3.903225806451613
credit,county,2004,W_bank_knn_4,0.13321984128432968,-0.0010162601626016261,6.112253976465478,0.001,True,985,3993,1045506,0.0038192033331229088,0.9961807966668771,3.903225806451613
credit,county,2005,W_bank_knn_4,0.18308360201691265,-0.0010162601626016261,8.40298646824864,0.001,True,985,3993,1045506,0.0038192033331229088,0.9961807966668771,3.903225806451613
credit,county,1995,W_bank_knn_5,0.07363889486159288,-0.001141552511415525,3.6560822537196995,0.001,True,877,4970,1045506,0.004753679079794855,0.9952463209202052,4.858260019550342
credit,county,1996,W_bank_knn_5,0.10250843368191982,-0.0010845986984815619,5.193180293374303,0.001,True,923,4970,1045506,0.004753679079794855,0.9952463209202052,4.858260019550342
credit,county,1997,W_bank_knn_5,0.07996536220600842,-0.0010235414534288639,4.0106627144913185,0.001,True,978,4970,1045506,0.004753679079794855,0.9952463209202052,4.858260019550342
credit,county,1998,W_bank_knn_5,0.14810749895181702,-0.0010162601626016261,7.822867847512424,0.001,True,985,4970,1045506,0.004753679079794855,0.9952463209202052,4.858260019550342
credit,county,1999,W_bank_knn_5,0.18598406933812422,-0.0010152284263959391,9.62676640933867,0.001,True,986,4970,1045506,0.004753679079794855,0.9952463209202052,4.858260019550342
credit,county,2000,W_bank_knn_5,0.16634140106909184,-0.0010152284263959391,8.791423211663899,0.001,True,986,4970,1045506,0.004753679079794855,0.9952463209202052,4.858260019550342
credit,county,2001,W_bank_knn_5,0.17675202026517137,-0.0010162601626016261,9.47248267240769,0.001,True,985,4970,1045506,0.004753679079794855,0.9952463209202052,4.858260019550342
credit,county,2002,W_bank_knn_5,0.10631161181638055,-0.0010162601626016261,5.474867949830512,0.001,True,985,4970,1045506,0.004753679079794855,0.9952463209202052,4.858260019550342
credit,county,2003,W_bank_knn_5,0.12530746382338395,-0.0010162601626016261,6.505848319143842,0.001,True,985,4970,1045506,0.004753679079794855,0.9952463209202052,4.858260019550342
credit,county,2004,W_bank_knn_5,0.129103452439173,-0.0010152284263959391,6.754725826392138,0.001,True,986,4970,1045506,0.004753679079794855,0.9952463209202052,4.858260019550342
credit,county,2005,W_bank_knn_5,0.16770911070880531,-0.0010152284263959391,8.526964069810552,0.001,True,986,4970,1045506,0.004753679079794855,0.9952463209202052,4.858260019550342
credit,county,1995,W_bank_knn_6,0.06879857815073741,-0.001141552511415525,3.7265100684351413,0.001,True,877,5938,1045506,0.005679546554491318,0.9943204534455087,5.804496578690127
credit,county,1996,W_bank_knn_6,0.10036405480789128,-0.0010845986984815619,5.717435613251422,0.001,True,923,5938,1045506,0.005679546554491318,0.9943204534455087,5.804496578690127
credit,county,1997,W_bank_knn_6,0.07659313865465003,-0.0010235414534288639,4.269592691306367,0.001,True,978,5938,1045506,0.005679546554491318,0.9943204534455087,5.804496578690127
credit,county,1998,W_bank_knn_6,0.14139174275786698,-0.0010162601626016261,7.966266417131591,0.001,True,985,5938,1045506,0.005679546554491318,0.9943204534455087,5.804496578690127
credit,county,1999,W_bank_knn_6,0.18307544632186404,-0.0010152284263959391,9.838395369511288,0.001,True,986,5938,1045506,0.005679546554491318,0.9943204534455087,5.804496578690127
credit,county,2000,W_bank_knn_6,0.16246803580056132,-0.0010152284263959391,8.722500843843427,0.001,True,986,5938,1045506,0.005679546554491318,0.9943204534455087,5.804496578690127
credit,county,2001,W_bank_knn_6,0.1722874608387965,-0.0010162601626016261,9.886997398675488,0.001,True,985,5938,1045506,0.005679546554491318,0.9943204534455087,5.804496578690127
credit,county,2002,W_bank_knn_6,0.10488106709068891,-0.0010162601626016261,5.7896004037258235,0.001,True,985,5938,1045506,0.005679546554491318,0.9943204534455087,5.804496578690127
credit,county,2003,W_bank_knn_6,0.12399938638231076,-0.0010162601626016261,6.957312023563295,0.001,True,985,5938,1045506,0.005679546554491318,0.9943204534455087,5.804496578690127
credit,county,2004,W_bank_knn_6,0.12313461492069673,-0.0010152284263959391,6.742644694070122,0.001,True,986,5938,1045506,0.005679546554491318,0.9943204534455087,5.804496578690127
credit,county,2005,W_bank_knn_6,0.16244165866329235,-0.0010152284263959391,8.81125752446961,0.001,True,986,5938,1045506,0.005679546554491318,0.9943204534455087,5.804496578690127
credit,county,1995,W_bank_knn_7,0.072712093790738,-0.001141552511415525,4.076988290419016,0.001,True,877,6902,1045506,0.00660158813053201,0.993398411869468,6.746823069403715
credit,county,1996,W_bank_knn_7,0.09872682382841098,-0.0010845986984815619,5.8793719994744835,0.001,True,923,6902,1045506,0.00660158813053201,0.993398411869468,6.746823069403715
credit,county,1997,W_bank_knn_7,0.07519188733198792,-0.0010235414534288639,4.5099653780661955,0.001,True,978,6902,1045506,0.00660158813053201,0.993398411869468,6.746823069403715
credit,county,1998,W_bank_knn_7,0.13754732471689676,-0.0010162601626016261,8.274763519723386,0.001,True,985,6902,1045506,0.00660158813053201,0.993398411869468,6.746823069403715
credit,county,1999,W_bank_knn_7,0.181585951141211,-0.0010152284263959391,10.710568163619156,0.001,True,986,6902,1045506,0.00660158813053201,0.993398411869468,6.746823069403715
credit,county,2000,W_bank_knn_7,0.1544937481416321,-0.0010152284263959391,8.990025482503782,0.001,True,986,6902,1045506,0.00660158813053201,0.993398411869468,6.746823069403715
credit,county,2001,W_bank_knn_7,0.17460805049250167,-0.0010162601626016261,10.577142175119343,0.001,True,985,6902,1045506,0.00660158813053201,0.993398411869468,6.746823069403715
credit,county,2002,W_bank_knn_7,0.10770739987120341,-0.0010162601626016261,6.315800950372285,0.001,True,985,6902,1045506,0.00660158813053201,0.993398411869468,6.746823069403715
credit,county,2003,W_bank_knn_7,0.11869356102324674,-0.0010162601626016261,7.3857349512545465,0.001,True,985,6902,1045506,0.00660158813053201,0.993398411869468,6.746823069403715
credit,county,2004,W_bank_knn_7,0.12016608014953649,-0.0010152284263959391,6.757418581065731,0.001,True,986,6902,1045506,0.00660158813053201,0.993398411869468,6.746823069403715
credit,county,2005,W_bank_knn_7,0.1562357012510354,-0.0010152284263959391,9.326837064759333,0.001,True,986,6902,1045506,0.00660158813053201,0.993398411869468,6.746823069403715
credit,county,1995,W_bank_knn_8,0.07266423411084565,-0.001141552511415525,4.395632481166837,0.001,True,877,7862,1045506,0.007519803807916932,0.992480196192083,7.685239491691105
credit,county,1996,W_bank_knn_8,0.09671037222366212,-0.0010845986984815619,5.840598228055819,0.001,True,923,7862,1045506,0.007519803807916932,0.992480196192083,7.685239491691105
credit,county,1997,W_bank_knn_8,0.07200893532007767,-0.0010235414534288639,4.403346101690286,0.001,True,978,7862,1045506,0.007519803807916932,0.992480196192083,7.685239491691105
credit,county,1998,W_bank_knn_8,0.1355147738227285,-0.0010162601626016261,8.399071930443506,0.001,True,985,7862,1045506,0.007519803807916932,0.992480196192083,7.685239491691105
credit,county,1999,W_bank_knn_8,0.17678578506001003,-0.0010152284263959391,10.889421387007747,0.001,True,986,7862,1045506,0.007519803807916932,0.992480196192083,7.685239491691105
credit,county,2000,W_bank_knn_8,0.1491926806580583,-0.0010152284263959391,9.581448939290341,0.001,True,986,7862,1045506,0.007519803807916932,0.992480196192083,7.685239491691105
credit,county,2001,W_bank_knn_8,0.17450574456956477,-0.0010162601626016261,10.910629693414679,0.001,True,985,7862,1045506,0.007519803807916932,0.992480196192083,7.685239491691105
credit,county,2002,W_bank_knn_8,0.10597148344647878,-0.0010162601626016261,6.555822038882863,0.001,True,985,7862,1045506,0.007519803807916932,0.992480196192083,7.685239491691105
credit,county,2003,W_bank_knn_8,0.11636840000371743,-0.0010162601626016261,7.323271062748883,0.001,True,985,7862,1045506,0.007519803807916932,0.992480196192083,7.685239491691105
credit,county,2004,W_bank_knn_8,0.12335983336021415,-0.0010152284263959391,7.741939954834038,0.001,True,986,7862,1045506,0.007519803807916932,0.992480196192083,7.685239491691105
credit,county,2005,W_bank_knn_8,0.15368556805838623,-0.0010152284263959391,9.589946726897445,0.001,True,986,7862,1045506,0.007519803807916932,0.992480196192083,7.685239491691105
credit,county,1995,W_bank_knn_9,0.07659766847969657,-0.001141552511415525,4.925069136596759,0.001,True,877,8820,1045506,0.008436106535973969,0.9915638934640261,8.621700879765395
credit,county,1996,W_bank_knn_9,0.0941776929230967,-0.0010845986984815619,5.915956900175691,0.001,True,923,8820,1045506,0.008436106535973969,0.9915638934640261,8.621700879765395
credit,county,1997,W_bank_knn_9,0.06855786072080758,-0.0010235414534288639,4.690701154909317,0.001,True,978,8820,1045506,0.008436106535973969,0.9915638934640261,8.621700879765395
credit,county,1998,W_bank_knn_9,0.13236123090087062,-0.0010162601626016261,8.549814235971507,0.001,True,985,8820,1045506,0.008436106535973969,0.9915638934640261,8.621700879765395
credit,county,1999,W_bank_knn_9,0.17651878881242244,-0.0010152284263959391,11.093210285883819,0.001,True,986,8820,1045506,0.008436106535973969,0.9915638934640261,8.621700879765395
credit,county,2000,W_bank_knn_9,0.14752238357650557,-0.0010152284263959391,9.887212873838756,0.001,True,986,8820,1045506,0.008436106535973969,0.9915638934640261,8.621700879765395
credit,county,2001,W_bank_knn_9,0.17212621454283195,-0.0010162601626016261,11.157478603904984,0.001,True,985,8820,1045506,0.008436106535973969,0.9915638934640261,8.621700879765395
credit,county,2002,W_bank_knn_9,0.10397476926585264,-0.0010162601626016261,6.959448054024751,0.001,True,985,8820,1045506,0.008436106535973969,0.9915638934640261,8.621700879765395
credit,county,2003,W_bank_knn_9,0.11344880656569957,-0.0010162601626016261,7.478543455727007,0.001,True,985,8820,1045506,0.008436106535973969,0.9915638934640261,8.621700879765395
credit,county,2004,W_bank_knn_9,0.12216733162436923,-0.0010152284263959391,8.09240902195591,0.001,True,986,8820,1045506,0.008436106535973969,0.9915638934640261,8.621700879765395
credit,county,2005,W_bank_knn_9,0.15192574458851352,-0.0010152284263959391,9.710917153889532,0.001,True,986,8820,1045506,0.008436106535973969,0.9915638934640261,8.621700879765395
credit,county,1995,W_bank_knn_10,0.07261337260152322,-0.001141552511415525,4.711054907945571,0.001,True,877,9778,1045506,0.009352409264031004,0.990647590735969,9.558162267839688
credit,county,1996,W_bank_knn_10,0.09247740681223841,-0.0010845986984815619,6.31220500861214,0.001,True,923,9778,1045506,0.009352409264031004,0.990647590735969,9.558162267839688
credit,county,1997,W_bank_knn_10,0.06648290135739342,-0.0010235414534288639,4.608283639987447,0.001,True,978,9778,1045506,0.009352409264031004,0.990647590735969,9.558162267839688
credit,county,1998,W_bank_knn_10,0.12927076656725742,-0.0010162601626016261,8.81289611678196,0.001,True,985,9778,1045506,0.009352409264031004,0.990647590735969,9.558162267839688
credit,county,1999,W_bank_knn_10,0.17303608584213073,-0.0010152284263959391,11.618495972929509,0.001,True,986,9778,1045506,0.009352409264031004,0.990647590735969,9.558162267839688
credit,county,2000,W_bank_knn_10,0.14483003971569774,-0.0010152284263959391,9.473730324140899,0.001,True,986,9778,1045506,0.009352409264031004,0.990647590735969,9.558162267839688
credit,county,2001,W_bank_knn_10,0.17239888799294992,-0.0010162601626016261,11.806463114718992,0.001,True,985,9778,1045506,0.009352409264031004,0.990647590735969,9.558162267839688
credit,county,2002,W_bank_knn_10,0.09903468053400767,-0.0010162601626016261,6.619238701989972,0.001,True,985,9778,1045506,0.009352409264031004,0.990647590735969,9.558162267839688
credit,county,2003,W_bank_knn_10,0.10898964695248133,-0.0010162601626016261,7.223090667385502,0.001,True,985,9778,1045506,0.009352409264031004,0.990647590735969,9.558162267839688
credit,county,2004,W_bank_knn_10,0.11887258664354979,-0.0010152284263959391,7.6652723108916385,0.001,True,986,9778,1045506,0.009352409264031004,0.990647590735969,9.558162267839688
credit,county,2005,W_bank_knn_10,0.1452864755900889,-0.0010152284263959391,9.700033269451731,0.001,True,986,9778,1045506,0.009352409264031004,0.990647590735969,9.558162267839688
credit,county,1995,W_bank_knn_11,0.0703582153978181,-0.001141552511415525,4.74643077511308,0.001,True,877,10734,1045506,0.010266799042760157,0.9897332009572398,10.49266862170088
credit,county,1996,W_bank_knn_11,0.09088797192790188,-0.0010845986984815619,6.387284205958854,0.001,True,923,10734,1045506,0.010266799042760157,0.9897332009572398,10.49266862170088
credit,county,1997,W_bank_knn_11,0.06727784542527725,-0.0010235414534288639,4.695179295401099,0.001,True,978,10734,1045506,0.010266799042760157,0.9897332009572398,10.49266862170088
credit,county,1998,W_bank_knn_11,0.12475043838785603,-0.0010162601626016261,8.407223712906418,0.001,True,985,10734,1045506,0.010266799042760157,0.9897332009572398,10.49266862170088
credit,county,1999,W_bank_knn_11,0.1707790494742473,-0.0010152284263959391,11.927052882228521,0.001,True,986,10734,1045506,0.010266799042760157,0.9897332009572398,10.49266862170088
credit,county,2000,W_bank_knn_11,0.13540738374863034,-0.0010152284263959391,9.587681330301475,0.001,True,986,10734,1045506,0.010266799042760157,0.9897332009572398,10.49266862170088
credit,county,2001,W_bank_knn_11,0.1713254091156602,-0.0010162601626016261,11.784061461689161,0.001,True,985,10734,1045506,0.010266799042760157,0.9897332009572398,10.49266862170088
credit,county,2002,W_bank_knn_11,0.09780602588336448,-0.0010162601626016261,6.681667312472313,0.001,True,985,10734,1045506,0.010266799042760157,0.9897332009572398,10.49266862170088
credit,county,2003,W_bank_knn_11,0.10709547899470606,-0.0010162601626016261,7.37045133489106,0.001,True,985,10734,1045506,0.010266799042760157,0.9897332009572398,10.49266862170088
credit,county,2004,W_bank_knn_11,0.11577986715459997,-0.0010152284263959391,8.191057879998695,0.001,True,986,10734,1045506,0.010266799042760157,0.9897332009572398,10.49266862170088
credit,county,2005,W_bank_knn_11,0.14584818863595375,-0.0010152284263959391,10.143939551628167,0.001,True,986,10734,1045506,0.010266799042760157,0.9897332009572398,10.49266862170088
credit,county,1995,W_bank_knn_12,0.0677109950366244,-0.001141552511415525,4.824377065627186,0.001,True,877,11686,1045506,0.011177362922833537,0.9888226370771664,11.423264907135875
credit,county,1996,W_bank_knn_12,0.09128750695923982,-0.0010845986984815619,6.337865219653547,0.001,True,923,11686,1045506,0.011177362922833537,0.9888226370771664,11.423264907135875
credit,county,1997,W_bank_knn_12,0.06553232709438432,-0.0010235414534288639,4.72164812444521,0.001,True,978,11686,1045506,0.011177362922833537,0.9888226370771664,11.423264907135875
credit,county,1998,W_bank_knn_12,0.12361774607643693,-0.0010162601626016261,9.240270532785164,0.001,True,985,11686,1045506,0.011177362922833537,0.9888226370771664,11.423264907135875
credit,county,1999,W_bank_knn_12,0.16773485063882204,-0.0010152284263959391,11.7048769453968,0.001,True,986,11686,1045506,0.011177362922833537,0.9888226370771664,11.423264907135875
credit,county,2000,W_bank_knn_12,0.1306731474369928,-0.0010152284263959391,9.118858305892296,0.001,True,986,11686,1045506,0.011177362922833537,0.9888226370771664,11.423264907135875
credit,county,2001,W_bank_knn_12,0.1686032128651169,-0.0010162601626016261,11.811223011479795,0.001,True,985,11686,1045506,0.011177362922833537,0.9888226370771664,11.423264907135875
credit,county,2002,W_bank_knn_12,0.09398826045595632,-0.0010162601626016261,6.871656567259681,0.001,True,985,11686,1045506,0.011177362922833537,0.9888226370771664,11.423264907135875
credit,county,2003,W_bank_knn_12,0.10344391523672224,-0.0010162601626016261,7.302541312750365,0.001,True,985,11686,1045506,0.011177362922833537,0.9888226370771664,11.423264907135875
credit,county,2004,W_bank_knn_12,0.1167037292137249,-0.0010152284263959391,8.63131411603449,0.001,True,986,11686,1045506,0.011177362922833537,0.9888226370771664,11.423264907135875
credit,county,2005,W_bank_knn_12,0.142942717159679,-0.0010152284263959391,9.561385224351136,0.001,True,986,11686,1045506,0.011177362922833537,0.9888226370771664,11.423264907135875
credit,county,1995,W_bank_knn_13,0.06772547867532829,-0.001141552511415525,4.899182611227891,0.001,True,877,12636,1045506,0.012086013853579032,0.987913986146421,12.351906158357771
credit,county,1996,W_bank_knn_13,0.08919734247592298,-0.0010845986984815619,6.396313481543194,0.001,True,923,12636,1045506,0.012086013853579032,0.987913986146421,12.351906158357771
credit,county,1997,W_bank_knn_13,0.06342987549808267,-0.0010235414534288639,4.691927283338083,0.001,True,978,12636,1045506,0.012086013853579032,0.987913986146421,12.351906158357771
credit,county,1998,W_bank_knn_13,0.12139175750131077,-0.0010162601626016261,9.075788208305534,0.001,True,985,12636,1045506,0.012086013853579032,0.987913986146421,12.351906158357771
credit,county,1999,W_bank_knn_13,0.16891700799368192,-0.0010152284263959391,13.047913025123542,0.001,True,986,12636,1045506,0.012086013853579032,0.987913986146421,12.351906158357771
credit,county,2000,W_bank_knn_13,0.12902231482187712,-0.0010152284263959391,10.147863381365035,0.001,True,986,12636,1045506,0.012086013853579032,0.987913986146421,12.351906158357771
credit,county,2001,W_bank_knn_13,0.17074837407554785,-0.0010162601626016261,12.095578031908516,0.001,True,985,12636,1045506,0.012086013853579032,0.987913986146421,12.351906158357771
credit,county,2002,W_bank_knn_13,0.0934768412879203,-0.0010162601626016261,6.478500920996089,0.001,True,985,12636,1045506,0.012086013853579032,0.987913986146421,12.351906158357771
credit,county,2003,W_bank_knn_13,0.10146386569819667,-0.0010162601626016261,7.59467862495015,0.001,True,985,12636,1045506,0.012086013853579032,0.987913986146421,12.351906158357771
credit,county,2004,W_bank_knn_13,0.11526673201738408,-0.0010152284263959391,8.257498343145246,0.001,True,986,12636,1045506,0.012086013853579032,0.987913986146421,12.351906158357771
credit,county,2005,W_bank_knn_13,0.13869760542378087,-0.0010152284263959391,9.702124635193496,0.001,True,986,12636,1045506,0.012086013853579032,0.987913986146421,12.351906158357771
credit,county,1995,W_bank_knn_14,0.06782794833081564,-0.001141552511415525,5.276186829225552,0.001,True,877,13583,1045506,0.0129917953603327,0.9870082046396673,13.27761485826002
credit,county,1996,W_bank_knn_14,0.08614575941543305,-0.0010845986984815619,6.318440441630612,0.001,True,923,13583,1045506,0.0129917953603327,0.9870082046396673,13.27761485826002
credit,county,1997,W_bank_knn_14,0.061539415324309364,-0.0010235414534288639,4.551865851864299,0.001,True,978,13583,1045506,0.0129917953603327,0.9870082046396673,13.27761485826002
credit,county,1998,W_bank_knn_14,0.11959895264889012,-0.0010162601626016261,9.114333634202378,0.001,True,985,13583,1045506,0.0129917953603327,0.9870082046396673,13.27761485826002
credit,county,1999,W_bank_knn_14,0.16740464339320746,-0.0010152284263959391,12.334534068263373,0.001,True,986,13583,1045506,0.0129917953603327,0.9870082046396673,13.27761485826002
credit,county,2000,W_bank_knn_14,0.12660695354872972,-0.0010152284263959391,9.48389400632481,0.001,True,986,13583,1045506,0.0129917953603327,0.9870082046396673,13.27761485826002
credit,county,2001,W_bank_knn_14,0.16875144130911635,-0.0010162601626016261,13.037859139312934,0.001,True,985,13583,1045506,0.0129917953603327,0.9870082046396673,13.27761485826002
credit,county,2002,W_bank_knn_14,0.09199350406850261,-0.0010162601626016261,6.733331988424123,0.001,True,985,13583,1045506,0.0129917953603327,0.9870082046396673,13.27761485826002
credit,county,2003,W_bank_knn_14,0.10092772215381832,-0.0010162601626016261,7.504697245631823,0.001,True,985,13583,1045506,0.0129917953603327,0.9870082046396673,13.27761485826002
credit,county,2004,W_bank_knn_14,0.11122907388063144,-0.0010152284263959391,8.331577915513808,0.001,True,986,13583,1045506,0.0129917953603327,0.9870082046396673,13.27761485826002
credit,county,2005,W_bank_knn_14,0.13522490813863988,-0.0010152284263959391,10.49259782181495,0.001,True,986,13583,1045506,0.0129917953603327,0.9870082046396673,13.27761485826002
credit,county,1995,W_bank_knn_15,0.06806724393278533,-0.001141552511415525,5.163132114332505,0.001,True,877,14529,1045506,0.013896620392422425,0.9861033796075775,14.20234604105572
credit,county,1996,W_bank_knn_15,0.08467661551410079,-0.0010845986984815619,6.368364337726886,0.001,True,923,14529,1045506,0.013896620392422425,0.9861033796075775,14.20234604105572
credit,county,1997,W_bank_knn_15,0.05931191911702339,-0.0010235414534288639,4.603085266105034,0.001,True,978,14529,1045506,0.013896620392422425,0.9861033796075775,14.20234604105572
credit,county,1998,W_bank_knn_15,0.11809045989330161,-0.0010162601626016261,9.105648640392383,0.001,True,985,14529,1045506,0.013896620392422425,0.9861033796075775,14.20234604105572
credit,county,1999,W_bank_knn_15,0.16615133508655186,-0.0010152284263959391,12.512765654544554,0.001,True,986,14529,1045506,0.013896620392422425,0.9861033796075775,14.20234604105572
credit,county,2000,W_bank_knn_15,0.12389774546836911,-0.0010152284263959391,9.165744499112284,0.001,True,986,14529,1045506,0.013896620392422425,0.9861033796075775,14.20234604105572
credit,county,2001,W_bank_knn_15,0.16758656696355567,-0.0010162601626016261,13.21062567327407,0.001,True,985,14529,1045506,0.013896620392422425,0.9861033796075775,14.20234604105572
credit,county,2002,W_bank_knn_15,0.09090872492843409,-0.0010162601626016261,6.790751224380564,0.001,True,985,14529,1045506,0.013896620392422425,0.9861033796075775,14.20234604105572
credit,county,2003,W_bank_knn_15,0.10017812069163372,-0.0010162601626016261,7.723150885076083,0.001,True,985,14529,1045506,0.013896620392422425,0.9861033796075775,14.20234604105572
credit,county,2004,W_bank_knn_15,0.10722935847065472,-0.0010152284263959391,8.238460881945178,0.001,True,986,14529,1045506,0.013896620392422425,0.9861033796075775,14.20234604105572
credit,county,2005,W_bank_knn_15,0.13303703530368938,-0.0010152284263959391,10.340229668867039,0.001,True,986,14529,1045506,0.013896620392422425,0.9861033796075775,14.20234604105572
credit,county,1995,W_bank_knn_16,0.06650667020282865,-0.001141552511415525,5.01629496543738,0.001,True,877,15474,1045506,0.014800488949848208,0.9851995110501518,15.126099706744869
credit,county,1996,W_bank_knn_16,0.0825642197778819,-0.0010845986984815619,6.283471369031697,0.001,True,923,15474,1045506,0.014800488949848208,0.9851995110501518,15.126099706744869
credit,county,1997,W_bank_knn_16,0.058760984046924425,-0.0010235414534288639,4.800889438459277,0.001,True,978,15474,1045506,0.014800488949848208,0.9851995110501518,15.126099706744869
credit,county,1998,W_bank_knn_16,0.11663624426332805,-0.0010162601626016261,9.00519953743878,0.001,True,985,15474,1045506,0.014800488949848208,0.9851995110501518,15.126099706744869
credit,county,1999,W_bank_knn_16,0.16668474700953423,-0.0010152284263959391,13.317612430823557,0.001,True,986,15474,1045506,0.014800488949848208,0.9851995110501518,15.126099706744869
credit,county,2000,W_bank_knn_16,0.1214648918813763,-0.0010152284263959391,9.347681585537337,0.001,True,986,15474,1045506,0.014800488949848208,0.9851995110501518,15.126099706744869
credit,county,2001,W_bank_knn_16,0.16423041736709337,-0.0010162601626016261,12.803184296504561,0.001,True,985,15474,1045506,0.014800488949848208,0.9851995110501518,15.126099706744869
credit,county,2002,W_bank_knn_16,0.08961425113965432,-0.0010162601626016261,7.285304314172499,0.001,True,985,15474,1045506,0.014800488949848208,0.9851995110501518,15.126099706744869
credit,county,2003,W_bank_knn_16,0.0979458952522269,-0.0010162601626016261,7.528283311093072,0.001,True,985,15474,1045506,0.014800488949848208,0.9851995110501518,15.126099706744869
credit,county,2004,W_bank_knn_16,0.10493990230799685,-0.0010152284263959391,8.243848861325867,0.001,True,986,15474,1045506,0.014800488949848208,0.9851995110501518,15.126099706744869
credit,county,2005,W_bank_knn_16,0.12963076741801327,-0.0010152284263959391,10.345094749010437,0.001,True,986,15474,1045506,0.014800488949848208,0.9851995110501518,15.126099706744869
credit,county,1995,W_bank_knn_17,0.06687376228879251,-0.001141552511415525,5.167713368230216,0.001,True,877,16417,1045506,0.015702444557946105,0.9842975554420539,16.047898338220918
credit,county,1996,W_bank_knn_17,0.08394380698393913,-0.0010845986984815619,6.588268171749907,0.001,True,923,16417,1045506,0.015702444557946105,0.9842975554420539,16.047898338220918
credit,county,1997,W_bank_knn_17,0.05759340115671295,-0.0010235414534288639,4.657679649810898,0.001,True,978,16417,1045506,0.015702444557946105,0.9842975554420539,16.047898338220918
credit,county,1998,W_bank_knn_17,0.11415417777390666,-0.0010162601626016261,9.05371825926282,0.001,True,985,16417,1045506,0.015702444557946105,0.9842975554420539,16.047898338220918
credit,county,1999,W_bank_knn_17,0.16634102403271983,-0.0010152284263959391,12.810865614587877,0.001,True,986,16417,1045506,0.015702444557946105,0.9842975554420539,16.047898338220918
credit,county,2000,W_bank_knn_17,0.12213348777027738,-0.0010152284263959391,9.829012949645726,0.001,True,986,16417,1045506,0.015702444557946105,0.9842975554420539,16.047898338220918
credit,county,2001,W_bank_knn_17,0.16406943523384326,-0.0010162601626016261,12.803196740443182,0.001,True,985,16417,1045506,0.015702444557946105,0.9842975554420539,16.047898338220918
credit,county,2002,W_bank_knn_17,0.0883683619964603,-0.0010162601626016261,6.970742200309709,0.001,True,985,16417,1045506,0.015702444557946105,0.9842975554420539,16.047898338220918
credit,county,2003,W_bank_knn_17,0.09718415220342665,-0.0010162601626016261,7.756508416309925,0.001,True,985,16417,1045506,0.015702444557946105,0.9842975554420539,16.047898338220918
credit,county,2004,W_bank_knn_17,0.10462380316790724,-0.0010152284263959391,8.393797037308863,0.001,True,986,16417,1045506,0.015702444557946105,0.9842975554420539,16.047898338220918
credit,county,2005,W_bank_knn_17,0.1291460930309569,-0.0010152284263959391,10.591194689353339,0.001,True,986,16417,1045506,0.015702444557946105,0.9842975554420539,16.047898338220918
credit,county,1995,W_bank_knn_18,0.06709765026044166,-0.001141552511415525,5.405133164329795,0.001,True,877,17357,1045506,0.016601530742052173,0.9833984692579478,16.96676441837732
credit,county,1996,W_bank_knn_18,0.08467725181105719,-0.0010845986984815619,6.99711441636268,0.001,True,923,17357,1045506,0.016601530742052173,0.9833984692579478,16.96676441837732
credit,county,1997,W_bank_knn_18,0.05747013374954923,-0.0010235414534288639,4.6505798217007,0.001,True,978,17357,1045506,0.016601530742052173,0.9833984692579478,16.96676441837732
credit,county,1998,W_bank_knn_18,0.11259394206951218,-0.0010162601626016261,8.586197240413549,0.001,True,985,17357,1045506,0.016601530742052173,0.9833984692579478,16.96676441837732
credit,county,1999,W_bank_knn_18,0.1671857133097389,-0.0010152284263959391,13.53667526821679,0.001,True,986,17357,1045506,0.016601530742052173,0.9833984692579478,16.96676441837732
credit,county,2000,W_bank_knn_18,0.12060030065964385,-0.0010152284263959391,9.453385035099693,0.001,True,986,17357,1045506,0.016601530742052173,0.9833984692579478,16.96676441837732
credit,county,2001,W_bank_knn_18,0.1623387781150704,-0.0010162601626016261,12.705542869915549,0.001,True,985,17357,1045506,0.016601530742052173,0.9833984692579478,16.96676441837732
credit,county,2002,W_bank_knn_18,0.0869511857986894,-0.0010162601626016261,6.859261805885768,0.001,True,985,17357,1045506,0.016601530742052173,0.9833984692579478,16.96676441837732
credit,county,2003,W_bank_knn_18,0.09550700484507482,-0.0010162601626016261,7.8921046859660855,0.001,True,985,17357,1045506,0.016601530742052173,0.9833984692579478,16.96676441837732
credit,county,2004,W_bank_knn_18,0.10402246275296942,-0.0010152284263959391,8.183205589471287,0.001,True,986,17357,1045506,0.016601530742052173,0.9833984692579478,16.96676441837732
credit,county,2005,W_bank_knn_18,0.12642465557226923,-0.0010152284263959391,10.329811275727952,0.001,True,986,17357,1045506,0.016601530742052173,0.9833984692579478,16.96676441837732
credit,county,1995,W_bank_knn_19,0.06795669681495153,-0.001141552511415525,5.6994901816084775,0.001,True,877,18292,1045506,0.01749583455283853,0.9825041654471615,17.880742913000976
credit,county,1996,W_bank_knn_19,0.08344807511952443,-0.0010845986984815619,7.304240545420318,0.001,True,923,18292,1045506,0.01749583455283853,0.9825041654471615,17.880742913000976
credit,county,1997,W_bank_knn_19,0.056258613752702503,-0.0010235414534288639,4.717740867508535,0.001,True,978,18292,1045506,0.01749583455283853,0.9825041654471615,17.880742913000976
credit,county,1998,W_bank_knn_19,0.11142897369494816,-0.0010162601626016261,9.04221415389813,0.001,True,985,18292,1045506,0.01749583455283853,0.9825041654471615,17.880742913000976
credit,county,1999,W_bank_knn_19,0.1675257076069106,-0.0010152284263959391,13.675765009601522,0.001,True,986,18292,1045506,0.01749583455283853,0.9825041654471615,17.880742913000976
credit,county,2000,W_bank_knn_19,0.11823843514298309,-0.0010152284263959391,10.038829432138066,0.001,True,986,18292,1045506,0.01749583455283853,0.9825041654471615,17.880742913000976
credit,county,2001,W_bank_knn_19,0.1614662442847833,-0.0010162601626016261,13.207248737315638,0.001,True,985,18292,1045506,0.01749583455283853,0.9825041654471615,17.880742913000976
credit,county,2002,W_bank_knn_19,0.08535508126725484,-0.0010162601626016261,7.28209976201082,0.001,True,985,18292,1045506,0.01749583455283853,0.9825041654471615,17.880742913000976
credit,county,2003,W_bank_knn_19,0.0940512333626708,-0.0010162601626016261,7.842132031929611,0.001,True,985,18292,1045506,0.01749583455283853,0.9825041654471615,17.880742913000976
credit,county,2004,W_bank_knn_19,0.10360299842960699,-0.0010152284263959391,8.506897627885728,0.001,True,986,18292,1045506,0.01749583455283853,0.9825041654471615,17.880742913000976
credit,county,2005,W_bank_knn_19,0.12328398183332437,-0.0010152284263959391,10.095151035738624,0.001,True,986,18292,1045506,0.01749583455283853,0.9825041654471615,17.880742913000976
credit,county,1995,W_bank_knn_20,0.06639192510725482,-0.001141552511415525,5.342951580332504,0.001,True,877,19227,1045506,0.018390138363624887,0.9816098616363751,18.794721407624632
credit,county,1996,W_bank_knn_20,0.08121083304113866,-0.0010845986984815619,6.77982808173146,0.001,True,923,19227,1045506,0.018390138363624887,0.9816098616363751,18.794721407624632
credit,county,1997,W_bank_knn_20,0.05537943496937716,-0.0010235414534288639,4.655528172044929,0.001,True,978,19227,1045506,0.018390138363624887,0.9816098616363751,18.794721407624632
credit,county,1998,W_bank_knn_20,0.11061661185640159,-0.0010162601626016261,8.803498664729323,0.001,True,985,19227,1045506,0.018390138363624887,0.9816098616363751,18.794721407624632
credit,county,1999,W_bank_knn_20,0.1662924840442101,-0.0010152284263959391,13.67078247048675,0.001,True,986,19227,1045506,0.018390138363624887,0.9816098616363751,18.794721407624632
credit,county,2000,W_bank_knn_20,0.11354638002300681,-0.0010152284263959391,9.588844494954934,0.001,True,986,19227,1045506,0.018390138363624887,0.9816098616363751,18.794721407624632
credit,county,2001,W_bank_knn_20,0.16025358252581484,-0.0010162601626016261,13.231739764391088,0.001,True,985,19227,1045506,0.018390138363624887,0.9816098616363751,18.794721407624632
credit,county,2002,W_bank_knn_20,0.08451364368230821,-0.0010162601626016261,6.995135400275228,0.001,True,985,19227,1045506,0.018390138363624887,0.9816098616363751,18.794721407624632
credit,county,2003,W_bank_knn_20,0.0932349505260175,-0.0010162601626016261,7.9312802957785,0.001,True,985,19227,1045506,0.018390138363624887,0.9816098616363751,18.794721407624632
credit,county,2004,W_bank_knn_20,0.10259946255419881,-0.0010152284263959391,8.528298115489386,0.001,True,986,19227,1045506,0.018390138363624887,0.9816098616363751,18.794721407624632
credit,county,2005,W_bank_knn_20,0.11912628923102896,-0.0010152284263959391,9.943321341385017,0.001,True,986,19227,1045506,0.018390138363624887,0.9816098616363751,18.794721407624632
