row_index,fips5,fips_int
0,01001,1001
1,01007,1007
2,01009,1009
3,01015,1015
4,01021,1021
5,01033,1033
6,01051,1051
7,01055,1055
8,01061,1061
9,01063,1063
10,01065,1065
11,01067,1067
12,01069,1069
13,01073,1073
14,01077,1077
15,01079,1079
16,01081,1081
17,01083,1083
18,01085,1085
19,01089,1089
20,01097,1097
21,04005,4005
22,04013,4013
23,04019,4019
24,04021,4021
25,04025,4025
26,04027,4027
27,05007,5007
28,05025,5025
29,05033,5033
30,05035,5035
31,05045,5045
32,05047,5047
33,05053,5053
34,05069,5069
35,05079,5079
36,05085,5085
37,05087,5087
38,05091,5091
39,06001,6001
40,06013,6013
41,06017,6017
42,06019,6019
43,06025,6025
44,06029,6029
45,06031,6031
46,06037,6037
47,06039,6039
48,06041,6041
49,06047,6047
50,06053,6053
51,06055,6055
52,06059,6059
53,06061,6061
54,06065,6065
55,06067,6067
56,06069,6069
57,06071,6071
58,06073,6073
59,06075,6075
60,06077,6077
61,06079,6079
62,06081,6081
63,06083,6083
64,06085,6085
65,06087,6087
66,06095,6095
67,06097,6097
68,06099,6099
69,08001,8001
70,08005,8005
71,08013,8013
72,08019,8019
73,08031,8031
74,08035,8035
75,08039,8039
76,08041,8041
77,08047,8047
78,08059,8059
79,08069,8069
80,08093,8093
81,09001,9001
82,09003,9003
83,09007,9007
84,09009,9009
85,09011,9011
86,09013,9013
87,10001,10001
88,10003,10003
89,12001,12001
90,12003,12003
91,12009,12009
92,12011,12011
93,12015,12015
94,12019,12019
95,12021,12021
96,12031,12031
97,12033,12033
98,12039,12039
99,12041,12041
100,12053,12053
101,12057,12057
102,12061,12061
103,12065,12065
104,12069,12069
105,12071,12071
106,12073,12073
107,12081,12081
108,12083,12083
109,12085,12085
110,12089,12089
111,12091,12091
112,12095,12095
113,12097,12097
114,12099,12099
115,12101,12101
116,12103,12103
117,12105,12105
118,12109,12109
119,12111,12111
120,12113,12113
121,12115,12115
122,12117,12117
123,12127,12127
124,12129,12129
125,13007,13007
126,13013,13013
127,13015,13015
128,13021,13021
129,13025,13025
130,13027,13027
131,13029,13029
132,13033,13033
133,13035,13035
134,13045,13045
135,13047,13047
136,13051,13051
137,13053,13053
138,13057,13057
139,13059,13059
140,13063,13063
141,13067,13067
142,13073,13073
143,13077,13077
144,13079,13079
145,13083,13083
146,13085,13085
147,13089,13089
148,13095,13095
149,13097,13097
150,13101,13101
151,13103,13103
152,13113,13113
153,13115,13115
154,13117,13117
155,13121,13121
156,13127,13127
157,13135,13135
158,13139,13139
159,13143,13143
160,13145,13145
161,13149,13149
162,13151,13151
163,13153,13153
164,13159,13159
165,13169,13169
166,13171,13171
167,13173,13173
168,13177,13177
169,13179,13179
170,13183,13183
171,13185,13185
172,13189,13189
173,13191,13191
174,13195,13195
175,13197,13197
176,13199,13199
177,13207,13207
178,13213,13213
179,13215,13215
180,13217,13217
181,13219,13219
182,13221,13221
183,13223,13223
184,13227,13227
185,13231,13231
186,13245,13245
187,13247,13247
188,13255,13255
189,13273,13273
190,13289,13289
191,13295,13295
192,13297,13297
193,13313,13313
194,13321,13321
195,16001,16001
196,16005,16005
197,16015,16015
198,16019,16019
199,16027,16027
200,16041,16041
201,16045,16045
202,16051,16051
203,16055,16055
204,16069,16069
205,16073,16073
206,16077,16077
207,17005,17005
208,17007,17007
209,17013,17013
210,17019,17019
211,17027,17027
212,17031,17031
213,17037,17037
214,17043,17043
215,17053,17053
216,17063,17063
217,17073,17073
218,17083,17083
219,17089,17089
220,17091,17091
221,17093,17093
222,17097,17097
223,17111,17111
224,17113,17113
225,17115,17115
226,17117,17117
227,17119,17119
228,17123,17123
229,17129,17129
230,17131,17131
231,17133,17133
232,17143,17143
233,17147,17147
234,17161,17161
235,17163,17163
236,17167,17167
237,17175,17175
238,17179,17179
239,17183,17183
240,17197,17197
241,17201,17201
242,17203,17203
243,18003,18003
244,18005,18005
245,18007,18007
246,18011,18011
247,18013,18013
248,18015,18015
249,18019,18019
250,18021,18021
251,18029,18029
252,18035,18035
253,18039,18039
254,18043,18043
255,18047,18047
256,18051,18051
257,18055,18055
258,18057,18057
259,18059,18059
260,18061,18061
261,18063,18063
262,18067,18067
263,18073,18073
264,18081,18081
265,18089,18089
266,18091,18091
267,18095,18095
268,18097,18097
269,18105,18105
270,18109,18109
271,18111,18111
272,18115,18115
273,18119,18119
274,18127,18127
275,18129,18129
276,18133,18133
277,18141,18141
278,18145,18145
279,18153,18153
280,18157,18157
281,18159,18159
282,18163,18163
283,18165,18165
284,18167,18167
285,18173,18173
286,18175,18175
287,18179,18179
288,18183,18183
289,19011,19011
290,19013,19013
291,19017,19017
292,19049,19049
293,19061,19061
294,19075,19075
295,19077,19077
296,19085,19085
297,19103,19103
298,19105,19105
299,19113,19113
300,19121,19121
301,19129,19129
302,19153,19153
303,19155,19155
304,19163,19163
305,19169,19169
306,19181,19181
307,19183,19183
308,19193,19193
309,20015,20015
310,20043,20043
311,20045,20045
312,20059,20059
313,20079,20079
314,20085,20085
315,20087,20087
316,20091,20091
317,20103,20103
318,20107,20107
319,20121,20121
320,20139,20139
321,20173,20173
322,20177,20177
323,20191,20191
324,20197,20197
325,20209,20209
326,21015,21015
327,21017,21017
328,21019,21019
329,21023,21023
330,21029,21029
331,21037,21037
332,21047,21047
333,21049,21049
334,21059,21059
335,21061,21061
336,21067,21067
337,21077,21077
338,21081,21081
339,21089,21089
340,21091,21091
341,21093,21093
342,21101,21101
343,21103,21103
344,21111,21111
345,21113,21113
346,21117,21117
347,21123,21123
348,21149,21149
349,21163,21163
350,21179,21179
351,21185,21185
352,21191,21191
353,21209,21209
354,21211,21211
355,21215,21215
356,21221,21221
357,21223,21223
358,21227,21227
359,21233,21233
360,21239,21239
361,22005,22005
362,22015,22015
363,22017,22017
364,22019,22019
365,22023,22023
366,22031,22031
367,22033,22033
368,22037,22037
369,22043,22043
370,22047,22047
371,22051,22051
372,22055,22055
373,22057,22057
374,22063,22063
375,22071,22071
376,22073,22073
377,22075,22075
378,22077,22077
379,22079,22079
380,22087,22087
381,22089,22089
382,22091,22091
383,22095,22095
384,22099,22099
385,22103,22103
386,22109,22109
387,22111,22111
388,22121,22121
389,22125,22125
390,23001,23001
391,23005,23005
392,23023,23023
393,23031,23031
394,24001,24001
395,24003,24003
396,24005,24005
397,24013,24013
398,24015,24015
399,24025,24025
400,24027,24027
401,24035,24035
402,24039,24039
403,24043,24043
404,24045,24045
405,24510,24510
406,25001,25001
407,25003,25003
408,25005,25005
409,25009,25009
410,25011,25011
411,25013,25013
412,25015,25015
413,25017,25017
414,25021,25021
415,25023,25023
416,25025,25025
417,25027,25027
418,26015,26015
419,26017,26017
420,26021,26021
421,26025,26025
422,26027,26027
423,26037,26037
424,26045,26045
425,26049,26049
426,26065,26065
427,26067,26067
428,26075,26075
429,26077,26077
430,26081,26081
431,26087,26087
432,26093,26093
433,26099,26099
434,26115,26115
435,26121,26121
436,26123,26123
437,26125,26125
438,26139,26139
439,26145,26145
440,26147,26147
441,26159,26159
442,26161,26161
443,26163,26163
444,27003,27003
445,27009,27009
446,27017,27017
447,27019,27019
448,27025,27025
449,27027,27027
450,27037,27037
451,27039,27039
452,27053,27053
453,27055,27055
454,27059,27059
455,27109,27109
456,27119,27119
457,27123,27123
458,27137,27137
459,27139,27139
460,27141,27141
461,27145,27145
462,27157,27157
463,27163,27163
464,27171,27171
465,28029,28029
466,28033,28033
467,28035,28035
468,28039,28039
469,28045,28045
470,28047,28047
471,28049,28049
472,28059,28059
473,28073,28073
474,28089,28089
475,28093,28093
476,28111,28111
477,28121,28121
478,28127,28127
479,28131,28131
480,28137,28137
481,28143,28143
482,29003,29003
483,29013,29013
484,29019,29019
485,29021,29021
486,29025,29025
487,29027,29027
488,29037,29037
489,29043,29043
490,29047,29047
491,29049,29049
492,29051,29051
493,29059,29059
494,29063,29063
495,29071,29071
496,29077,29077
497,29089,29089
498,29095,29095
499,29097,29097
500,29099,29099
501,29107,29107
502,29113,29113
503,29119,29119
504,29135,29135
505,29145,29145
506,29151,29151
507,29165,29165
508,29167,29167
509,29177,29177
510,29183,29183
511,29189,29189
512,29219,29219
513,29221,29221
514,29225,29225
515,29510,29510
516,30009,30009
517,30111,30111
518,31025,31025
519,31043,31043
520,31051,31051
521,31055,31055
522,31109,31109
523,31153,31153
524,31155,31155
525,31159,31159
526,31177,31177
527,32003,32003
528,32029,32029
529,32031,32031
530,32510,32510
531,33011,33011
532,33015,33015
533,33017,33017
534,34001,34001
535,34003,34003
536,34005,34005
537,34007,34007
538,34009,34009
539,34011,34011
540,34013,34013
541,34015,34015
542,34017,34017
543,34019,34019
544,34021,34021
545,34023,34023
546,34025,34025
547,34027,34027
548,34029,34029
549,34031,34031
550,34033,34033
551,34035,34035
552,34037,34037
553,34039,34039
554,34041,34041
555,35001,35001
556,35013,35013
557,35043,35043
558,35045,35045
559,35049,35049
560,35057,35057
561,35061,35061
562,36001,36001
563,36005,36005
564,36007,36007
565,36015,36015
566,36027,36027
567,36029,36029
568,36043,36043
569,36047,36047
570,36051,36051
571,36053,36053
572,36055,36055
573,36059,36059
574,36061,36061
575,36063,36063
576,36065,36065
577,36067,36067
578,36069,36069
579,36071,36071
580,36073,36073
581,36075,36075
582,36079,36079
583,36081,36081
584,36083,36083
585,36085,36085
586,36087,36087
587,36091,36091
588,36093,36093
589,36095,36095
590,36103,36103
591,36107,36107
592,36109,36109
593,36111,36111
594,36113,36113
595,36115,36115
596,36117,36117
597,36119,36119
598,37001,37001
599,37003,37003
600,37007,37007
601,37019,37019
602,37021,37021
603,37023,37023
604,37025,37025
605,37027,37027
606,37035,37035
607,37037,37037
608,37051,37051
609,37053,37053
610,37059,37059
611,37063,37063
612,37065,37065
613,37067,37067
614,37069,37069
615,37071,37071
616,37079,37079
617,37081,37081
618,37087,37087
619,37089,37089
620,37093,37093
621,37101,37101
622,37115,37115
623,37119,37119
624,37127,37127
625,37129,37129
626,37133,37133
627,37135,37135
628,37141,37141
629,37145,37145
630,37147,37147
631,37151,37151
632,37157,37157
633,37169,37169
634,37179,37179
635,37183,37183
636,37191,37191
637,37197,37197
638,38015,38015
639,38017,38017
640,38035,38035
641,38059,38059
642,39013,39013
643,39015,39015
644,39017,39017
645,39019,39019
646,39023,39023
647,39025,39025
648,39035,39035
649,39041,39041
650,39043,39043
651,39045,39045
652,39049,39049
653,39051,39051
654,39055,39055
655,39057,39057
656,39061,39061
657,39081,39081
658,39085,39085
659,39087,39087
660,39089,39089
661,39093,39093
662,39095,39095
663,39097,39097
664,39099,39099
665,39103,39103
666,39109,39109
667,39113,39113
668,39117,39117
669,39123,39123
670,39129,39129
671,39133,39133
672,39135,39135
673,39139,39139
674,39151,39151
675,39153,39153
676,39155,39155
677,39159,39159
678,39165,39165
679,39167,39167
680,39173,39173
681,40017,40017
682,40027,40027
683,40031,40031
684,40037,40037
685,40051,40051
686,40079,40079
687,40081,40081
688,40083,40083
689,40087,40087
690,40109,40109
691,40111,40111
692,40113,40113
693,40117,40117
694,40131,40131
695,40135,40135
696,40143,40143
697,40145,40145
698,41003,41003
699,41005,41005
700,41009,41009
701,41017,41017
702,41039,41039
703,41047,41047
704,41051,41051
705,41053,41053
706,41067,41067
707,41071,41071
708,42003,42003
709,42005,42005
710,42007,42007
711,42011,42011
712,42013,42013
713,42017,42017
714,42019,42019
715,42021,42021
716,42025,42025
717,42027,42027
718,42029,42029
719,42041,42041
720,42043,42043
721,42045,42045
722,42051,42051
723,42069,42069
724,42071,42071
725,42075,42075
726,42077,42077
727,42079,42079
728,42085,42085
729,42091,42091
730,42095,42095
731,42099,42099
732,42101,42101
733,42103,42103
734,42125,42125
735,42129,42129
736,42131,42131
737,42133,42133
738,44001,44001
739,44003,44003
740,44005,44005
741,44007,44007
742,44009,44009
743,45003,45003
744,45007,45007
745,45015,45015
746,45017,45017
747,45019,45019
748,45031,45031
749,45035,45035
750,45037,45037
751,45039,45039
752,45041,45041
753,45045,45045
754,45051,45051
755,45055,45055
756,45059,45059
757,45063,45063
758,45077,45077
759,45079,45079
760,45081,45081
761,45083,45083
762,45085,45085
763,45091,45091
764,46083,46083
765,46087,46087
766,46093,46093
767,46099,46099
768,46103,46103
769,46125,46125
770,46127,46127
771,47001,47001
772,47009,47009
773,47011,47011
774,47015,47015
775,47019,47019
776,47021,47021
777,47023,47023
778,47037,47037
779,47043,47043
780,47047,47047
781,47057,47057
782,47063,47063
783,47065,47065
784,47073,47073
785,47081,47081
786,47089,47089
787,47093,47093
788,47105,47105
789,47111,47111
790,47113,47113
791,47115,47115
792,47125,47125
793,47139,47139
794,47147,47147
795,47149,47149
796,47153,47153
797,47157,47157
798,47159,47159
799,47161,47161
800,47163,47163
801,47165,47165
802,47167,47167
803,47169,47169
804,47171,47171
805,47173,47173
806,47179,47179
807,47187,47187
808,47189,47189
809,48007,48007
810,48009,48009
811,48011,48011
812,48013,48013
813,48015,48015
814,48019,48019
815,48021,48021
816,48027,48027
817,48029,48029
818,48037,48037
819,48039,48039
820,48041,48041
821,48051,48051
822,48055,48055
823,48057,48057
824,48059,48059
825,48061,48061
826,48065,48065
827,48071,48071
828,48077,48077
829,48085,48085
830,48091,48091
831,48099,48099
832,48107,48107
833,48113,48113
834,48119,48119
835,48121,48121
836,48135,48135
837,48139,48139
838,48141,48141
839,48157,48157
840,48167,48167
841,48175,48175
842,48181,48181
843,48183,48183
844,48187,48187
845,48199,48199
846,48201,48201
847,48209,48209
848,48215,48215
849,48231,48231
850,48235,48235
851,48245,48245
852,48251,48251
853,48253,48253
854,48257,48257
855,48259,48259
856,48281,48281
857,48291,48291
858,48303,48303
859,48309,48309
860,48325,48325
861,48329,48329
862,48339,48339
863,48355,48355
864,48361,48361
865,48367,48367
866,48375,48375
867,48381,48381
868,48395,48395
869,48397,48397
870,48401,48401
871,48407,48407
872,48409,48409
873,48423,48423
874,48439,48439
875,48441,48441
876,48451,48451
877,48453,48453
878,48459,48459
879,48469,48469
880,48473,48473
881,48485,48485
882,48491,48491
883,48493,48493
884,48497,48497
885,49005,49005
886,49011,49011
887,49023,49023
888,49029,49029
889,49035,49035
890,49043,49043
891,49045,49045
892,49049,49049
893,49057,49057
894,50007,50007
895,50011,50011
896,50013,50013
897,51003,51003
898,51007,51007
899,51009,51009
900,51011,51011
901,51019,51019
902,51023,51023
903,51031,51031
904,51033,51033
905,51036,51036
906,51041,51041
907,51045,51045
908,51049,51049
909,51053,51053
910,51065,51065
911,51067,51067
912,51069,51069
913,51071,51071
914,51073,51073
915,51075,51075
916,51079,51079
917,51085,51085
918,51087,51087
919,51093,51093
920,51095,51095
921,51097,51097
922,51101,51101
923,51109,51109
924,51115,51115
925,51121,51121
926,51125,51125
927,51127,51127
928,51143,51143
929,51145,51145
930,51149,51149
931,51155,51155
932,51161,51161
933,51165,51165
934,51169,51169
935,51181,51181
936,51183,51183
937,51191,51191
938,51199,51199
939,51520,51520
940,51540,51540
941,51550,51550
942,51570,51570
943,51590,51590
944,51650,51650
945,51660,51660
946,51670,51670
947,51680,51680
948,51700,51700
949,51710,51710
950,51730,51730
951,51735,51735
952,51740,51740
953,51750,51750
954,51760,51760
955,51770,51770
956,51775,51775
957,51800,51800
958,51810,51810
959,51830,51830
960,51840,51840
961,53003,53003
962,53005,53005
963,53007,53007
964,53011,53011
965,53015,53015
966,53017,53017
967,53021,53021
968,53033,53033
969,53035,53035
970,53053,53053
971,53057,53057
972,53059,53059
973,53061,53061
974,53063,53063
975,53067,53067
976,53073,53073
977,53077,53077
978,54003,54003
979,54005,54005
980,54009,54009
981,54011,54011
982,54015,54015
983,54027,54027
984,54029,54029
985,54039,54039
986,54043,54043
987,54051,54051
988,54057,54057
989,54061,54061
990,54065,54065
991,54069,54069
992,54073,54073
993,54077,54077
994,54079,54079
995,54099,54099
996,54105,54105
997,54107,54107
998,55009,55009
999,55015,55015
1000,55017,55017
1001,55021,55021
1002,55025,55025
1003,55031,55031
1004,55035,55035
1005,55039,55039
1006,55049,55049
1007,55059,55059
1008,55061,55061
1009,55063,55063
1010,55079,55079
1011,55083,55083
1012,55087,55087
1013,55089,55089
1014,55093,55093
1015,55101,55101
1016,55105,55105
1017,55109,55109
1018,55117,55117
1019,55131,55131
1020,55133,55133
1021,55139,55139
1022,56021,56021
