row_index,GEOID,fips_int,STATEFP,COUNTYFP,NAME
0,01001,1001,01,001,Autauga
1,01003,1003,01,003,Baldwin
2,01005,1005,01,005,Barbour
3,01007,1007,01,007,Bibb
4,01009,1009,01,009,Blount
5,01011,1011,01,011,Bullock
6,01013,1013,01,013,Butler
7,01015,1015,01,015,Calhoun
8,01017,1017,01,017,Chambers
9,01019,1019,01,019,Cherokee
10,01021,1021,01,021,Chilton
11,01023,1023,01,023,Choctaw
12,01025,1025,01,025,Clarke
13,01027,1027,01,027,Clay
14,01029,1029,01,029,Cleburne
15,01031,1031,01,031,Coffee
16,01033,1033,01,033,Colbert
17,01035,1035,01,035,Conecuh
18,01037,1037,01,037,Coosa
19,01039,1039,01,039,Covington
20,01041,1041,01,041,Crenshaw
21,01043,1043,01,043,Cullman
22,01045,1045,01,045,Dale
23,01047,1047,01,047,Dallas
24,01049,1049,01,049,DeKalb
25,01051,1051,01,051,Elmore
26,01053,1053,01,053,Escambia
27,01055,1055,01,055,Etowah
28,01057,1057,01,057,Fayette
29,01059,1059,01,059,Franklin
30,01061,1061,01,061,Geneva
31,01063,1063,01,063,Greene
32,01065,1065,01,065,Hale
33,01067,1067,01,067,Henry
34,01069,1069,01,069,Houston
35,01071,1071,01,071,Jackson
36,01073,1073,01,073,Jefferson
37,01075,1075,01,075,Lamar
38,01077,1077,01,077,Lauderdale
39,01079,1079,01,079,Lawrence
40,01081,1081,01,081,Lee
41,01083,1083,01,083,Limestone
42,01085,1085,01,085,Lowndes
43,01087,1087,01,087,Macon
44,01089,1089,01,089,Madison
45,01091,1091,01,091,Marengo
46,01093,1093,01,093,Marion
47,01095,1095,01,095,Marshall
48,01097,1097,01,097,Mobile
49,01099,1099,01,099,Monroe
50,01101,1101,01,101,Montgomery
51,01103,1103,01,103,Morgan
52,01105,1105,01,105,Perry
53,01107,1107,01,107,Pickens
54,01109,1109,01,109,Pike
55,01111,1111,01,111,Randolph
56,01113,1113,01,113,Russell
57,01115,1115,01,115,St. Clair
58,01117,1117,01,117,Shelby
59,01119,1119,01,119,Sumter
60,01121,1121,01,121,Talladega
61,01123,1123,01,123,Tallapoosa
62,01125,1125,01,125,Tuscaloosa
63,01127,1127,01,127,Walker
64,01129,1129,01,129,Washington
65,01131,1131,01,131,Wilcox
66,01133,1133,01,133,Winston
67,04001,4001,04,001,Apache
68,04003,4003,04,003,Cochise
69,04005,4005,04,005,Coconino
70,04007,4007,04,007,Gila
71,04009,4009,04,009,Graham
72,04011,4011,04,011,Greenlee
73,04012,4012,04,012,La Paz
74,04013,4013,04,013,Maricopa
75,04015,4015,04,015,Mohave
76,04017,4017,04,017,Navajo
77,04019,4019,04,019,Pima
78,04021,4021,04,021,Pinal
79,04023,4023,04,023,Santa Cruz
80,04025,4025,04,025,Yavapai
81,04027,4027,04,027,Yuma
82,05001,5001,05,001,Arkansas
83,05003,5003,05,003,Ashley
84,05005,5005,05,005,Baxter
85,05007,5007,05,007,Benton
86,05009,5009,05,009,Boone
87,05011,5011,05,011,Bradley
88,05013,5013,05,013,Calhoun
89,05015,5015,05,015,Carroll
90,05017,5017,05,017,Chicot
91,05019,5019,05,019,Clark
92,05021,5021,05,021,Clay
93,05023,5023,05,023,Cleburne
94,05025,5025,05,025,Cleveland
95,05027,5027,05,027,Columbia
96,05029,5029,05,029,Conway
97,05031,5031,05,031,Craighead
98,05033,5033,05,033,Crawford
99,05035,5035,05,035,Crittenden
100,05037,5037,05,037,Cross
101,05039,5039,05,039,Dallas
102,05041,5041,05,041,Desha
103,05043,5043,05,043,Drew
104,05045,5045,05,045,Faulkner
105,05047,5047,05,047,Franklin
106,05049,5049,05,049,Fulton
107,05051,5051,05,051,Garland
108,05053,5053,05,053,Grant
109,05055,5055,05,055,Greene
110,05057,5057,05,057,Hempstead
111,05059,5059,05,059,Hot Spring
112,05061,5061,05,061,Howard
113,05063,5063,05,063,Independence
114,05065,5065,05,065,Izard
115,05067,5067,05,067,Jackson
116,05069,5069,05,069,Jefferson
117,05071,5071,05,071,Johnson
118,05073,5073,05,073,Lafayette
119,05075,5075,05,075,Lawrence
120,05077,5077,05,077,Lee
121,05079,5079,05,079,Lincoln
122,05081,5081,05,081,Little River
123,05083,5083,05,083,Logan
124,05085,5085,05,085,Lonoke
125,05087,5087,05,087,Madison
126,05089,5089,05,089,Marion
127,05091,5091,05,091,Miller
128,05093,5093,05,093,Mississippi
129,05095,5095,05,095,Monroe
130,05097,5097,05,097,Montgomery
131,05099,5099,05,099,Nevada
132,05101,5101,05,101,Newton
133,05103,5103,05,103,Ouachita
134,05105,5105,05,105,Perry
135,05107,5107,05,107,Phillips
136,05109,5109,05,109,Pike
137,05111,5111,05,111,Poinsett
138,05113,5113,05,113,Polk
139,05115,5115,05,115,Pope
140,05117,5117,05,117,Prairie
141,05119,5119,05,119,Pulaski
142,05121,5121,05,121,Randolph
143,05123,5123,05,123,St. Francis
144,05125,5125,05,125,Saline
145,05127,5127,05,127,Scott
146,05129,5129,05,129,Searcy
147,05131,5131,05,131,Sebastian
148,05133,5133,05,133,Sevier
149,05135,5135,05,135,Sharp
150,05137,5137,05,137,Stone
151,05139,5139,05,139,Union
152,05141,5141,05,141,Van Buren
153,05143,5143,05,143,Washington
154,05145,5145,05,145,White
155,05147,5147,05,147,Woodruff
156,05149,5149,05,149,Yell
157,06001,6001,06,001,Alameda
158,06003,6003,06,003,Alpine
159,06005,6005,06,005,Amador
160,06007,6007,06,007,Butte
161,06009,6009,06,009,Calaveras
162,06011,6011,06,011,Colusa
163,06013,6013,06,013,Contra Costa
164,06015,6015,06,015,Del Norte
165,06017,6017,06,017,El Dorado
166,06019,6019,06,019,Fresno
167,06021,6021,06,021,Glenn
168,06023,6023,06,023,Humboldt
169,06025,6025,06,025,Imperial
170,06027,6027,06,027,Inyo
171,06029,6029,06,029,Kern
172,06031,6031,06,031,Kings
173,06033,6033,06,033,Lake
174,06035,6035,06,035,Lassen
175,06037,6037,06,037,Los Angeles
176,06039,6039,06,039,Madera
177,06041,6041,06,041,Marin
178,06043,6043,06,043,Mariposa
179,06045,6045,06,045,Mendocino
180,06047,6047,06,047,Merced
181,06049,6049,06,049,Modoc
182,06051,6051,06,051,Mono
183,06053,6053,06,053,Monterey
184,06055,6055,06,055,Napa
185,06057,6057,06,057,Nevada
186,06059,6059,06,059,Orange
187,06061,6061,06,061,Placer
188,06063,6063,06,063,Plumas
189,06065,6065,06,065,Riverside
190,06067,6067,06,067,Sacramento
191,06069,6069,06,069,San Benito
192,06071,6071,06,071,San Bernardino
193,06073,6073,06,073,San Diego
194,06075,6075,06,075,San Francisco
195,06077,6077,06,077,San Joaquin
196,06079,6079,06,079,San Luis Obispo
197,06081,6081,06,081,San Mateo
198,06083,6083,06,083,Santa Barbara
199,06085,6085,06,085,Santa Clara
200,06087,6087,06,087,Santa Cruz
201,06089,6089,06,089,Shasta
202,06091,6091,06,091,Sierra
203,06093,6093,06,093,Siskiyou
204,06095,6095,06,095,Solano
205,06097,6097,06,097,Sonoma
206,06099,6099,06,099,Stanislaus
207,06101,6101,06,101,Sutter
208,06103,6103,06,103,Tehama
209,06105,6105,06,105,Trinity
210,06107,6107,06,107,Tulare
211,06109,6109,06,109,Tuolumne
212,06111,6111,06,111,Ventura
213,06113,6113,06,113,Yolo
214,06115,6115,06,115,Yuba
215,08001,8001,08,001,Adams
216,08003,8003,08,003,Alamosa
217,08005,8005,08,005,Arapahoe
218,08007,8007,08,007,Archuleta
219,08009,8009,08,009,Baca
220,08011,8011,08,011,Bent
221,08013,8013,08,013,Boulder
222,08014,8014,08,014,Broomfield
223,08015,8015,08,015,Chaffee
224,08017,8017,08,017,Cheyenne
225,08019,8019,08,019,Clear Creek
226,08021,8021,08,021,Conejos
227,08023,8023,08,023,Costilla
228,08025,8025,08,025,Crowley
229,08027,8027,08,027,Custer
230,08029,8029,08,029,Delta
231,08031,8031,08,031,Denver
232,08033,8033,08,033,Dolores
233,08035,8035,08,035,Douglas
234,08037,8037,08,037,Eagle
235,08039,8039,08,039,Elbert
236,08041,8041,08,041,El Paso
237,08043,8043,08,043,Fremont
238,08045,8045,08,045,Garfield
239,08047,8047,08,047,Gilpin
240,08049,8049,08,049,Grand
241,08051,8051,08,051,Gunnison
242,08053,8053,08,053,Hinsdale
243,08055,8055,08,055,Huerfano
244,08057,8057,08,057,Jackson
245,08059,8059,08,059,Jefferson
246,08061,8061,08,061,Kiowa
247,08063,8063,08,063,Kit Carson
248,08065,8065,08,065,Lake
249,08067,8067,08,067,La Plata
250,08069,8069,08,069,Larimer
251,08071,8071,08,071,Las Animas
252,08073,8073,08,073,Lincoln
253,08075,8075,08,075,Logan
254,08077,8077,08,077,Mesa
255,08079,8079,08,079,Mineral
256,08081,8081,08,081,Moffat
257,08083,8083,08,083,Montezuma
258,08085,8085,08,085,Montrose
259,08087,8087,08,087,Morgan
260,08089,8089,08,089,Otero
261,08091,8091,08,091,Ouray
262,08093,8093,08,093,Park
263,08095,8095,08,095,Phillips
264,08097,8097,08,097,Pitkin
265,08099,8099,08,099,Prowers
266,08101,8101,08,101,Pueblo
267,08103,8103,08,103,Rio Blanco
268,08105,8105,08,105,Rio Grande
269,08107,8107,08,107,Routt
270,08109,8109,08,109,Saguache
271,08111,8111,08,111,San Juan
272,08113,8113,08,113,San Miguel
273,08115,8115,08,115,Sedgwick
274,08117,8117,08,117,Summit
275,08119,8119,08,119,Teller
276,08121,8121,08,121,Washington
277,08123,8123,08,123,Weld
278,08125,8125,08,125,Yuma
279,09001,9001,09,001,Fairfield
280,09003,9003,09,003,Hartford
281,09005,9005,09,005,Litchfield
282,09007,9007,09,007,Middlesex
283,09009,9009,09,009,New Haven
284,09011,9011,09,011,New London
285,09013,9013,09,013,Tolland
286,09015,9015,09,015,Windham
287,10001,10001,10,001,Kent
288,10003,10003,10,003,New Castle
289,10005,10005,10,005,Sussex
290,11001,11001,11,001,District of Columbia
291,12001,12001,12,001,Alachua
292,12003,12003,12,003,Baker
293,12005,12005,12,005,Bay
294,12007,12007,12,007,Bradford
295,12009,12009,12,009,Brevard
296,12011,12011,12,011,Broward
297,12013,12013,12,013,Calhoun
298,12015,12015,12,015,Charlotte
299,12017,12017,12,017,Citrus
300,12019,12019,12,019,Clay
301,12021,12021,12,021,Collier
302,12023,12023,12,023,Columbia
303,12027,12027,12,027,DeSoto
304,12029,12029,12,029,Dixie
305,12031,12031,12,031,Duval
306,12033,12033,12,033,Escambia
307,12035,12035,12,035,Flagler
308,12037,12037,12,037,Franklin
309,12039,12039,12,039,Gadsden
310,12041,12041,12,041,Gilchrist
311,12043,12043,12,043,Glades
312,12045,12045,12,045,Gulf
313,12047,12047,12,047,Hamilton
314,12049,12049,12,049,Hardee
315,12051,12051,12,051,Hendry
316,12053,12053,12,053,Hernando
317,12055,12055,12,055,Highlands
318,12057,12057,12,057,Hillsborough
319,12059,12059,12,059,Holmes
320,12061,12061,12,061,Indian River
321,12063,12063,12,063,Jackson
322,12065,12065,12,065,Jefferson
323,12067,12067,12,067,Lafayette
324,12069,12069,12,069,Lake
325,12071,12071,12,071,Lee
326,12073,12073,12,073,Leon
327,12075,12075,12,075,Levy
328,12077,12077,12,077,Liberty
329,12079,12079,12,079,Madison
330,12081,12081,12,081,Manatee
331,12083,12083,12,083,Marion
332,12085,12085,12,085,Martin
333,12086,12086,12,086,Miami-Dade
334,12087,12087,12,087,Monroe
335,12089,12089,12,089,Nassau
336,12091,12091,12,091,Okaloosa
337,12093,12093,12,093,Okeechobee
338,12095,12095,12,095,Orange
339,12097,12097,12,097,Osceola
340,12099,12099,12,099,Palm Beach
341,12101,12101,12,101,Pasco
342,12103,12103,12,103,Pinellas
343,12105,12105,12,105,Polk
344,12107,12107,12,107,Putnam
345,12109,12109,12,109,St. Johns
346,12111,12111,12,111,St. Lucie
347,12113,12113,12,113,Santa Rosa
348,12115,12115,12,115,Sarasota
349,12117,12117,12,117,Seminole
350,12119,12119,12,119,Sumter
351,12121,12121,12,121,Suwannee
352,12123,12123,12,123,Taylor
353,12125,12125,12,125,Union
354,12127,12127,12,127,Volusia
355,12129,12129,12,129,Wakulla
356,12131,12131,12,131,Walton
357,12133,12133,12,133,Washington
358,13001,13001,13,001,Appling
359,13003,13003,13,003,Atkinson
360,13005,13005,13,005,Bacon
361,13007,13007,13,007,Baker
362,13009,13009,13,009,Baldwin
363,13011,13011,13,011,Banks
364,13013,13013,13,013,Barrow
365,13015,13015,13,015,Bartow
366,13017,13017,13,017,Ben Hill
367,13019,13019,13,019,Berrien
368,13021,13021,13,021,Bibb
369,13023,13023,13,023,Bleckley
370,13025,13025,13,025,Brantley
371,13027,13027,13,027,Brooks
372,13029,13029,13,029,Bryan
373,13031,13031,13,031,Bulloch
374,13033,13033,13,033,Burke
375,13035,13035,13,035,Butts
376,13037,13037,13,037,Calhoun
377,13039,13039,13,039,Camden
378,13043,13043,13,043,Candler
379,13045,13045,13,045,Carroll
380,13047,13047,13,047,Catoosa
381,13049,13049,13,049,Charlton
382,13051,13051,13,051,Chatham
383,13053,13053,13,053,Chattahoochee
384,13055,13055,13,055,Chattooga
385,13057,13057,13,057,Cherokee
386,13059,13059,13,059,Clarke
387,13061,13061,13,061,Clay
388,13063,13063,13,063,Clayton
389,13065,13065,13,065,Clinch
390,13067,13067,13,067,Cobb
391,13069,13069,13,069,Coffee
392,13071,13071,13,071,Colquitt
393,13073,13073,13,073,Columbia
394,13075,13075,13,075,Cook
395,13077,13077,13,077,Coweta
396,13079,13079,13,079,Crawford
397,13081,13081,13,081,Crisp
398,13083,13083,13,083,Dade
399,13085,13085,13,085,Dawson
400,13087,13087,13,087,Decatur
401,13089,13089,13,089,DeKalb
402,13091,13091,13,091,Dodge
403,13093,13093,13,093,Dooly
404,13095,13095,13,095,Dougherty
405,13097,13097,13,097,Douglas
406,13099,13099,13,099,Early
407,13101,13101,13,101,Echols
408,13103,13103,13,103,Effingham
409,13105,13105,13,105,Elbert
410,13107,13107,13,107,Emanuel
411,13109,13109,13,109,Evans
412,13111,13111,13,111,Fannin
413,13113,13113,13,113,Fayette
414,13115,13115,13,115,Floyd
415,13117,13117,13,117,Forsyth
416,13119,13119,13,119,Franklin
417,13121,13121,13,121,Fulton
418,13123,13123,13,123,Gilmer
419,13125,13125,13,125,Glascock
420,13127,13127,13,127,Glynn
421,13129,13129,13,129,Gordon
422,13131,13131,13,131,Grady
423,13133,13133,13,133,Greene
424,13135,13135,13,135,Gwinnett
425,13137,13137,13,137,Habersham
426,13139,13139,13,139,Hall
427,13141,13141,13,141,Hancock
428,13143,13143,13,143,Haralson
429,13145,13145,13,145,Harris
430,13147,13147,13,147,Hart
431,13149,13149,13,149,Heard
432,13151,13151,13,151,Henry
433,13153,13153,13,153,Houston
434,13155,13155,13,155,Irwin
435,13157,13157,13,157,Jackson
436,13159,13159,13,159,Jasper
437,13161,13161,13,161,Jeff Davis
438,13163,13163,13,163,Jefferson
439,13165,13165,13,165,Jenkins
440,13167,13167,13,167,Johnson
441,13169,13169,13,169,Jones
442,13171,13171,13,171,Lamar
443,13173,13173,13,173,Lanier
444,13175,13175,13,175,Laurens
445,13177,13177,13,177,Lee
446,13179,13179,13,179,Liberty
447,13181,13181,13,181,Lincoln
448,13183,13183,13,183,Long
449,13185,13185,13,185,Lowndes
450,13187,13187,13,187,Lumpkin
451,13189,13189,13,189,McDuffie
452,13191,13191,13,191,McIntosh
453,13193,13193,13,193,Macon
454,13195,13195,13,195,Madison
455,13197,13197,13,197,Marion
456,13199,13199,13,199,Meriwether
457,13201,13201,13,201,Miller
458,13205,13205,13,205,Mitchell
459,13207,13207,13,207,Monroe
460,13209,13209,13,209,Montgomery
461,13211,13211,13,211,Morgan
462,13213,13213,13,213,Murray
463,13215,13215,13,215,Muscogee
464,13217,13217,13,217,Newton
465,13219,13219,13,219,Oconee
466,13221,13221,13,221,Oglethorpe
467,13223,13223,13,223,Paulding
468,13225,13225,13,225,Peach
469,13227,13227,13,227,Pickens
470,13229,13229,13,229,Pierce
471,13231,13231,13,231,Pike
472,13233,13233,13,233,Polk
473,13235,13235,13,235,Pulaski
474,13237,13237,13,237,Putnam
475,13239,13239,13,239,Quitman
476,13241,13241,13,241,Rabun
477,13243,13243,13,243,Randolph
478,13245,13245,13,245,Richmond
479,13247,13247,13,247,Rockdale
480,13249,13249,13,249,Schley
481,13251,13251,13,251,Screven
482,13253,13253,13,253,Seminole
483,13255,13255,13,255,Spalding
484,13257,13257,13,257,Stephens
485,13259,13259,13,259,Stewart
486,13261,13261,13,261,Sumter
487,13263,13263,13,263,Talbot
488,13265,13265,13,265,Taliaferro
489,13267,13267,13,267,Tattnall
490,13269,13269,13,269,Taylor
491,13271,13271,13,271,Telfair
492,13273,13273,13,273,Terrell
493,13275,13275,13,275,Thomas
494,13277,13277,13,277,Tift
495,13279,13279,13,279,Toombs
496,13281,13281,13,281,Towns
497,13283,13283,13,283,Treutlen
498,13285,13285,13,285,Troup
499,13287,13287,13,287,Turner
500,13289,13289,13,289,Twiggs
501,13291,13291,13,291,Union
502,13293,13293,13,293,Upson
503,13295,13295,13,295,Walker
504,13297,13297,13,297,Walton
505,13299,13299,13,299,Ware
506,13301,13301,13,301,Warren
507,13303,13303,13,303,Washington
508,13305,13305,13,305,Wayne
509,13307,13307,13,307,Webster
510,13309,13309,13,309,Wheeler
511,13311,13311,13,311,White
512,13313,13313,13,313,Whitfield
513,13315,13315,13,315,Wilcox
514,13317,13317,13,317,Wilkes
515,13319,13319,13,319,Wilkinson
516,13321,13321,13,321,Worth
517,16001,16001,16,001,Ada
518,16003,16003,16,003,Adams
519,16005,16005,16,005,Bannock
520,16007,16007,16,007,Bear Lake
521,16009,16009,16,009,Benewah
522,16011,16011,16,011,Bingham
523,16013,16013,16,013,Blaine
524,16015,16015,16,015,Boise
525,16017,16017,16,017,Bonner
526,16019,16019,16,019,Bonneville
527,16021,16021,16,021,Boundary
528,16023,16023,16,023,Butte
529,16025,16025,16,025,Camas
530,16027,16027,16,027,Canyon
531,16029,16029,16,029,Caribou
532,16031,16031,16,031,Cassia
533,16033,16033,16,033,Clark
534,16035,16035,16,035,Clearwater
535,16037,16037,16,037,Custer
536,16039,16039,16,039,Elmore
537,16041,16041,16,041,Franklin
538,16043,16043,16,043,Fremont
539,16045,16045,16,045,Gem
540,16047,16047,16,047,Gooding
541,16049,16049,16,049,Idaho
542,16051,16051,16,051,Jefferson
543,16053,16053,16,053,Jerome
544,16055,16055,16,055,Kootenai
545,16057,16057,16,057,Latah
546,16059,16059,16,059,Lemhi
547,16061,16061,16,061,Lewis
548,16063,16063,16,063,Lincoln
549,16065,16065,16,065,Madison
550,16067,16067,16,067,Minidoka
551,16069,16069,16,069,Nez Perce
552,16071,16071,16,071,Oneida
553,16073,16073,16,073,Owyhee
554,16075,16075,16,075,Payette
555,16077,16077,16,077,Power
556,16079,16079,16,079,Shoshone
557,16081,16081,16,081,Teton
558,16083,16083,16,083,Twin Falls
559,16085,16085,16,085,Valley
560,16087,16087,16,087,Washington
561,17001,17001,17,001,Adams
562,17003,17003,17,003,Alexander
563,17005,17005,17,005,Bond
564,17007,17007,17,007,Boone
565,17009,17009,17,009,Brown
566,17011,17011,17,011,Bureau
567,17013,17013,17,013,Calhoun
568,17015,17015,17,015,Carroll
569,17017,17017,17,017,Cass
570,17019,17019,17,019,Champaign
571,17021,17021,17,021,Christian
572,17023,17023,17,023,Clark
573,17025,17025,17,025,Clay
574,17027,17027,17,027,Clinton
575,17029,17029,17,029,Coles
576,17031,17031,17,031,Cook
577,17033,17033,17,033,Crawford
578,17035,17035,17,035,Cumberland
579,17037,17037,17,037,DeKalb
580,17039,17039,17,039,De Witt
581,17041,17041,17,041,Douglas
582,17043,17043,17,043,DuPage
583,17045,17045,17,045,Edgar
584,17047,17047,17,047,Edwards
585,17049,17049,17,049,Effingham
586,17051,17051,17,051,Fayette
587,17053,17053,17,053,Ford
588,17055,17055,17,055,Franklin
589,17057,17057,17,057,Fulton
590,17059,17059,17,059,Gallatin
591,17061,17061,17,061,Greene
592,17063,17063,17,063,Grundy
593,17065,17065,17,065,Hamilton
594,17067,17067,17,067,Hancock
595,17069,17069,17,069,Hardin
596,17071,17071,17,071,Henderson
597,17073,17073,17,073,Henry
598,17075,17075,17,075,Iroquois
599,17077,17077,17,077,Jackson
600,17079,17079,17,079,Jasper
601,17081,17081,17,081,Jefferson
602,17083,17083,17,083,Jersey
603,17085,17085,17,085,Jo Daviess
604,17087,17087,17,087,Johnson
605,17089,17089,17,089,Kane
606,17091,17091,17,091,Kankakee
607,17093,17093,17,093,Kendall
608,17095,17095,17,095,Knox
609,17097,17097,17,097,Lake
610,17099,17099,17,099,LaSalle
611,17101,17101,17,101,Lawrence
612,17103,17103,17,103,Lee
613,17105,17105,17,105,Livingston
614,17107,17107,17,107,Logan
615,17109,17109,17,109,McDonough
616,17111,17111,17,111,McHenry
617,17113,17113,17,113,McLean
618,17115,17115,17,115,Macon
619,17117,17117,17,117,Macoupin
620,17119,17119,17,119,Madison
621,17121,17121,17,121,Marion
622,17123,17123,17,123,Marshall
623,17125,17125,17,125,Mason
624,17127,17127,17,127,Massac
625,17129,17129,17,129,Menard
626,17131,17131,17,131,Mercer
627,17133,17133,17,133,Monroe
628,17135,17135,17,135,Montgomery
629,17137,17137,17,137,Morgan
630,17139,17139,17,139,Moultrie
631,17141,17141,17,141,Ogle
632,17143,17143,17,143,Peoria
633,17145,17145,17,145,Perry
634,17147,17147,17,147,Piatt
635,17149,17149,17,149,Pike
636,17151,17151,17,151,Pope
637,17153,17153,17,153,Pulaski
638,17155,17155,17,155,Putnam
639,17157,17157,17,157,Randolph
640,17159,17159,17,159,Richland
641,17161,17161,17,161,Rock Island
642,17163,17163,17,163,St. Clair
643,17165,17165,17,165,Saline
644,17167,17167,17,167,Sangamon
645,17169,17169,17,169,Schuyler
646,17171,17171,17,171,Scott
647,17173,17173,17,173,Shelby
648,17175,17175,17,175,Stark
649,17177,17177,17,177,Stephenson
650,17179,17179,17,179,Tazewell
651,17181,17181,17,181,Union
652,17183,17183,17,183,Vermilion
653,17185,17185,17,185,Wabash
654,17187,17187,17,187,Warren
655,17189,17189,17,189,Washington
656,17191,17191,17,191,Wayne
657,17193,17193,17,193,White
658,17195,17195,17,195,Whiteside
659,17197,17197,17,197,Will
660,17199,17199,17,199,Williamson
661,17201,17201,17,201,Winnebago
662,17203,17203,17,203,Woodford
663,18001,18001,18,001,Adams
664,18003,18003,18,003,Allen
665,18005,18005,18,005,Bartholomew
666,18007,18007,18,007,Benton
667,18009,18009,18,009,Blackford
668,18011,18011,18,011,Boone
669,18013,18013,18,013,Brown
670,18015,18015,18,015,Carroll
671,18017,18017,18,017,Cass
672,18019,18019,18,019,Clark
673,18021,18021,18,021,Clay
674,18023,18023,18,023,Clinton
675,18025,18025,18,025,Crawford
676,18027,18027,18,027,Daviess
677,18029,18029,18,029,Dearborn
678,18031,18031,18,031,Decatur
679,18033,18033,18,033,DeKalb
680,18035,18035,18,035,Delaware
681,18037,18037,18,037,Dubois
682,18039,18039,18,039,Elkhart
683,18041,18041,18,041,Fayette
684,18043,18043,18,043,Floyd
685,18045,18045,18,045,Fountain
686,18047,18047,18,047,Franklin
687,18049,18049,18,049,Fulton
688,18051,18051,18,051,Gibson
689,18053,18053,18,053,Grant
690,18055,18055,18,055,Greene
691,18057,18057,18,057,Hamilton
692,18059,18059,18,059,Hancock
693,18061,18061,18,061,Harrison
694,18063,18063,18,063,Hendricks
695,18065,18065,18,065,Henry
696,18067,18067,18,067,Howard
697,18069,18069,18,069,Huntington
698,18071,18071,18,071,Jackson
699,18073,18073,18,073,Jasper
700,18075,18075,18,075,Jay
701,18077,18077,18,077,Jefferson
702,18079,18079,18,079,Jennings
703,18081,18081,18,081,Johnson
704,18083,18083,18,083,Knox
705,18085,18085,18,085,Kosciusko
706,18087,18087,18,087,LaGrange
707,18089,18089,18,089,Lake
708,18091,18091,18,091,LaPorte
709,18093,18093,18,093,Lawrence
710,18095,18095,18,095,Madison
711,18097,18097,18,097,Marion
712,18099,18099,18,099,Marshall
713,18101,18101,18,101,Martin
714,18103,18103,18,103,Miami
715,18105,18105,18,105,Monroe
716,18107,18107,18,107,Montgomery
717,18109,18109,18,109,Morgan
718,18111,18111,18,111,Newton
719,18113,18113,18,113,Noble
720,18115,18115,18,115,Ohio
721,18117,18117,18,117,Orange
722,18119,18119,18,119,Owen
723,18121,18121,18,121,Parke
724,18123,18123,18,123,Perry
725,18125,18125,18,125,Pike
726,18127,18127,18,127,Porter
727,18129,18129,18,129,Posey
728,18131,18131,18,131,Pulaski
729,18133,18133,18,133,Putnam
730,18135,18135,18,135,Randolph
731,18137,18137,18,137,Ripley
732,18139,18139,18,139,Rush
733,18141,18141,18,141,St. Joseph
734,18143,18143,18,143,Scott
735,18145,18145,18,145,Shelby
736,18147,18147,18,147,Spencer
737,18149,18149,18,149,Starke
738,18151,18151,18,151,Steuben
739,18153,18153,18,153,Sullivan
740,18155,18155,18,155,Switzerland
741,18157,18157,18,157,Tippecanoe
742,18159,18159,18,159,Tipton
743,18161,18161,18,161,Union
744,18163,18163,18,163,Vanderburgh
745,18165,18165,18,165,Vermillion
746,18167,18167,18,167,Vigo
747,18169,18169,18,169,Wabash
748,18171,18171,18,171,Warren
749,18173,18173,18,173,Warrick
750,18175,18175,18,175,Washington
751,18177,18177,18,177,Wayne
752,18179,18179,18,179,Wells
753,18181,18181,18,181,White
754,18183,18183,18,183,Whitley
755,19001,19001,19,001,Adair
756,19003,19003,19,003,Adams
757,19005,19005,19,005,Allamakee
758,19007,19007,19,007,Appanoose
759,19009,19009,19,009,Audubon
760,19011,19011,19,011,Benton
761,19013,19013,19,013,Black Hawk
762,19015,19015,19,015,Boone
763,19017,19017,19,017,Bremer
764,19019,19019,19,019,Buchanan
765,19021,19021,19,021,Buena Vista
766,19023,19023,19,023,Butler
767,19025,19025,19,025,Calhoun
768,19027,19027,19,027,Carroll
769,19029,19029,19,029,Cass
770,19031,19031,19,031,Cedar
771,19033,19033,19,033,Cerro Gordo
772,19035,19035,19,035,Cherokee
773,19037,19037,19,037,Chickasaw
774,19039,19039,19,039,Clarke
775,19041,19041,19,041,Clay
776,19043,19043,19,043,Clayton
777,19045,19045,19,045,Clinton
778,19047,19047,19,047,Crawford
779,19049,19049,19,049,Dallas
780,19051,19051,19,051,Davis
781,19053,19053,19,053,Decatur
782,19055,19055,19,055,Delaware
783,19057,19057,19,057,Des Moines
784,19059,19059,19,059,Dickinson
785,19061,19061,19,061,Dubuque
786,19063,19063,19,063,Emmet
787,19065,19065,19,065,Fayette
788,19067,19067,19,067,Floyd
789,19069,19069,19,069,Franklin
790,19071,19071,19,071,Fremont
791,19073,19073,19,073,Greene
792,19075,19075,19,075,Grundy
793,19077,19077,19,077,Guthrie
794,19079,19079,19,079,Hamilton
795,19081,19081,19,081,Hancock
796,19083,19083,19,083,Hardin
797,19085,19085,19,085,Harrison
798,19087,19087,19,087,Henry
799,19089,19089,19,089,Howard
800,19091,19091,19,091,Humboldt
801,19093,19093,19,093,Ida
802,19095,19095,19,095,Iowa
803,19097,19097,19,097,Jackson
804,19099,19099,19,099,Jasper
805,19101,19101,19,101,Jefferson
806,19103,19103,19,103,Johnson
807,19105,19105,19,105,Jones
808,19107,19107,19,107,Keokuk
809,19109,19109,19,109,Kossuth
810,19111,19111,19,111,Lee
811,19113,19113,19,113,Linn
812,19115,19115,19,115,Louisa
813,19117,19117,19,117,Lucas
814,19119,19119,19,119,Lyon
815,19121,19121,19,121,Madison
816,19123,19123,19,123,Mahaska
817,19125,19125,19,125,Marion
818,19127,19127,19,127,Marshall
819,19129,19129,19,129,Mills
820,19131,19131,19,131,Mitchell
821,19133,19133,19,133,Monona
822,19135,19135,19,135,Monroe
823,19137,19137,19,137,Montgomery
824,19139,19139,19,139,Muscatine
825,19141,19141,19,141,O'Brien
826,19143,19143,19,143,Osceola
827,19145,19145,19,145,Page
828,19147,19147,19,147,Palo Alto
829,19149,19149,19,149,Plymouth
830,19151,19151,19,151,Pocahontas
831,19153,19153,19,153,Polk
832,19155,19155,19,155,Pottawattamie
833,19157,19157,19,157,Poweshiek
834,19159,19159,19,159,Ringgold
835,19161,19161,19,161,Sac
836,19163,19163,19,163,Scott
837,19165,19165,19,165,Shelby
838,19167,19167,19,167,Sioux
839,19169,19169,19,169,Story
840,19171,19171,19,171,Tama
841,19173,19173,19,173,Taylor
842,19175,19175,19,175,Union
843,19177,19177,19,177,Van Buren
844,19179,19179,19,179,Wapello
845,19181,19181,19,181,Warren
846,19183,19183,19,183,Washington
847,19185,19185,19,185,Wayne
848,19187,19187,19,187,Webster
849,19189,19189,19,189,Winnebago
850,19191,19191,19,191,Winneshiek
851,19193,19193,19,193,Woodbury
852,19195,19195,19,195,Worth
853,19197,19197,19,197,Wright
854,20001,20001,20,001,Allen
855,20003,20003,20,003,Anderson
856,20005,20005,20,005,Atchison
857,20007,20007,20,007,Barber
858,20009,20009,20,009,Barton
859,20011,20011,20,011,Bourbon
860,20013,20013,20,013,Brown
861,20015,20015,20,015,Butler
862,20017,20017,20,017,Chase
863,20019,20019,20,019,Chautauqua
864,20021,20021,20,021,Cherokee
865,20023,20023,20,023,Cheyenne
866,20025,20025,20,025,Clark
867,20027,20027,20,027,Clay
868,20029,20029,20,029,Cloud
869,20031,20031,20,031,Coffey
870,20033,20033,20,033,Comanche
871,20035,20035,20,035,Cowley
872,20037,20037,20,037,Crawford
873,20039,20039,20,039,Decatur
874,20041,20041,20,041,Dickinson
875,20043,20043,20,043,Doniphan
876,20045,20045,20,045,Douglas
877,20047,20047,20,047,Edwards
878,20049,20049,20,049,Elk
879,20051,20051,20,051,Ellis
880,20053,20053,20,053,Ellsworth
881,20055,20055,20,055,Finney
882,20057,20057,20,057,Ford
883,20059,20059,20,059,Franklin
884,20061,20061,20,061,Geary
885,20063,20063,20,063,Gove
886,20065,20065,20,065,Graham
887,20067,20067,20,067,Grant
888,20069,20069,20,069,Gray
889,20071,20071,20,071,Greeley
890,20073,20073,20,073,Greenwood
891,20075,20075,20,075,Hamilton
892,20077,20077,20,077,Harper
893,20079,20079,20,079,Harvey
894,20081,20081,20,081,Haskell
895,20083,20083,20,083,Hodgeman
896,20085,20085,20,085,Jackson
897,20087,20087,20,087,Jefferson
898,20089,20089,20,089,Jewell
899,20091,20091,20,091,Johnson
900,20093,20093,20,093,Kearny
901,20095,20095,20,095,Kingman
902,20097,20097,20,097,Kiowa
903,20099,20099,20,099,Labette
904,20101,20101,20,101,Lane
905,20103,20103,20,103,Leavenworth
906,20105,20105,20,105,Lincoln
907,20107,20107,20,107,Linn
908,20109,20109,20,109,Logan
909,20111,20111,20,111,Lyon
910,20113,20113,20,113,McPherson
911,20115,20115,20,115,Marion
912,20117,20117,20,117,Marshall
913,20119,20119,20,119,Meade
914,20121,20121,20,121,Miami
915,20123,20123,20,123,Mitchell
916,20125,20125,20,125,Montgomery
917,20127,20127,20,127,Morris
918,20129,20129,20,129,Morton
919,20131,20131,20,131,Nemaha
920,20133,20133,20,133,Neosho
921,20135,20135,20,135,Ness
922,20137,20137,20,137,Norton
923,20139,20139,20,139,Osage
924,20141,20141,20,141,Osborne
925,20143,20143,20,143,Ottawa
926,20145,20145,20,145,Pawnee
927,20147,20147,20,147,Phillips
928,20149,20149,20,149,Pottawatomie
929,20151,20151,20,151,Pratt
930,20153,20153,20,153,Rawlins
931,20155,20155,20,155,Reno
932,20157,20157,20,157,Republic
933,20159,20159,20,159,Rice
934,20161,20161,20,161,Riley
935,20163,20163,20,163,Rooks
936,20165,20165,20,165,Rush
937,20167,20167,20,167,Russell
938,20169,20169,20,169,Saline
939,20171,20171,20,171,Scott
940,20173,20173,20,173,Sedgwick
941,20175,20175,20,175,Seward
942,20177,20177,20,177,Shawnee
943,20179,20179,20,179,Sheridan
944,20181,20181,20,181,Sherman
945,20183,20183,20,183,Smith
946,20185,20185,20,185,Stafford
947,20187,20187,20,187,Stanton
948,20189,20189,20,189,Stevens
949,20191,20191,20,191,Sumner
950,20193,20193,20,193,Thomas
951,20195,20195,20,195,Trego
952,20197,20197,20,197,Wabaunsee
953,20199,20199,20,199,Wallace
954,20201,20201,20,201,Washington
955,20203,20203,20,203,Wichita
956,20205,20205,20,205,Wilson
957,20207,20207,20,207,Woodson
958,20209,20209,20,209,Wyandotte
959,21001,21001,21,001,Adair
960,21003,21003,21,003,Allen
961,21005,21005,21,005,Anderson
962,21007,21007,21,007,Ballard
963,21009,21009,21,009,Barren
964,21011,21011,21,011,Bath
965,21013,21013,21,013,Bell
966,21015,21015,21,015,Boone
967,21017,21017,21,017,Bourbon
968,21019,21019,21,019,Boyd
969,21021,21021,21,021,Boyle
970,21023,21023,21,023,Bracken
971,21025,21025,21,025,Breathitt
972,21027,21027,21,027,Breckinridge
973,21029,21029,21,029,Bullitt
974,21031,21031,21,031,Butler
975,21033,21033,21,033,Caldwell
976,21035,21035,21,035,Calloway
977,21037,21037,21,037,Campbell
978,21039,21039,21,039,Carlisle
979,21041,21041,21,041,Carroll
980,21043,21043,21,043,Carter
981,21045,21045,21,045,Casey
982,21047,21047,21,047,Christian
983,21049,21049,21,049,Clark
984,21051,21051,21,051,Clay
985,21053,21053,21,053,Clinton
986,21055,21055,21,055,Crittenden
987,21057,21057,21,057,Cumberland
988,21059,21059,21,059,Daviess
989,21061,21061,21,061,Edmonson
990,21063,21063,21,063,Elliott
991,21065,21065,21,065,Estill
992,21067,21067,21,067,Fayette
993,21069,21069,21,069,Fleming
994,21071,21071,21,071,Floyd
995,21073,21073,21,073,Franklin
996,21075,21075,21,075,Fulton
997,21077,21077,21,077,Gallatin
998,21079,21079,21,079,Garrard
999,21081,21081,21,081,Grant
1000,21083,21083,21,083,Graves
1001,21085,21085,21,085,Grayson
1002,21087,21087,21,087,Green
1003,21089,21089,21,089,Greenup
1004,21091,21091,21,091,Hancock
1005,21093,21093,21,093,Hardin
1006,21095,21095,21,095,Harlan
1007,21097,21097,21,097,Harrison
1008,21099,21099,21,099,Hart
1009,21101,21101,21,101,Henderson
1010,21103,21103,21,103,Henry
1011,21105,21105,21,105,Hickman
1012,21107,21107,21,107,Hopkins
1013,21109,21109,21,109,Jackson
1014,21111,21111,21,111,Jefferson
1015,21113,21113,21,113,Jessamine
1016,21115,21115,21,115,Johnson
1017,21117,21117,21,117,Kenton
1018,21119,21119,21,119,Knott
1019,21121,21121,21,121,Knox
1020,21123,21123,21,123,Larue
1021,21125,21125,21,125,Laurel
1022,21127,21127,21,127,Lawrence
1023,21129,21129,21,129,Lee
1024,21131,21131,21,131,Leslie
1025,21133,21133,21,133,Letcher
1026,21135,21135,21,135,Lewis
1027,21137,21137,21,137,Lincoln
1028,21139,21139,21,139,Livingston
1029,21141,21141,21,141,Logan
1030,21143,21143,21,143,Lyon
1031,21145,21145,21,145,McCracken
1032,21147,21147,21,147,McCreary
1033,21149,21149,21,149,McLean
1034,21151,21151,21,151,Madison
1035,21153,21153,21,153,Magoffin
1036,21155,21155,21,155,Marion
1037,21157,21157,21,157,Marshall
1038,21159,21159,21,159,Martin
1039,21161,21161,21,161,Mason
1040,21163,21163,21,163,Meade
1041,21165,21165,21,165,Menifee
1042,21167,21167,21,167,Mercer
1043,21169,21169,21,169,Metcalfe
1044,21171,21171,21,171,Monroe
1045,21173,21173,21,173,Montgomery
1046,21175,21175,21,175,Morgan
1047,21177,21177,21,177,Muhlenberg
1048,21179,21179,21,179,Nelson
1049,21181,21181,21,181,Nicholas
1050,21183,21183,21,183,Ohio
1051,21185,21185,21,185,Oldham
1052,21187,21187,21,187,Owen
1053,21189,21189,21,189,Owsley
1054,21191,21191,21,191,Pendleton
1055,21193,21193,21,193,Perry
1056,21195,21195,21,195,Pike
1057,21197,21197,21,197,Powell
1058,21199,21199,21,199,Pulaski
1059,21201,21201,21,201,Robertson
1060,21203,21203,21,203,Rockcastle
1061,21205,21205,21,205,Rowan
1062,21207,21207,21,207,Russell
1063,21209,21209,21,209,Scott
1064,21211,21211,21,211,Shelby
1065,21213,21213,21,213,Simpson
1066,21215,21215,21,215,Spencer
1067,21217,21217,21,217,Taylor
1068,21219,21219,21,219,Todd
1069,21221,21221,21,221,Trigg
1070,21223,21223,21,223,Trimble
1071,21225,21225,21,225,Union
1072,21227,21227,21,227,Warren
1073,21229,21229,21,229,Washington
1074,21231,21231,21,231,Wayne
1075,21233,21233,21,233,Webster
1076,21235,21235,21,235,Whitley
1077,21237,21237,21,237,Wolfe
1078,21239,21239,21,239,Woodford
1079,22001,22001,22,001,Acadia
1080,22003,22003,22,003,Allen
1081,22005,22005,22,005,Ascension
1082,22007,22007,22,007,Assumption
1083,22009,22009,22,009,Avoyelles
1084,22011,22011,22,011,Beauregard
1085,22013,22013,22,013,Bienville
1086,22015,22015,22,015,Bossier
1087,22017,22017,22,017,Caddo
1088,22019,22019,22,019,Calcasieu
1089,22021,22021,22,021,Caldwell
1090,22023,22023,22,023,Cameron
1091,22025,22025,22,025,Catahoula
1092,22027,22027,22,027,Claiborne
1093,22029,22029,22,029,Concordia
1094,22031,22031,22,031,De Soto
1095,22033,22033,22,033,East Baton Rouge
1096,22035,22035,22,035,East Carroll
1097,22037,22037,22,037,East Feliciana
1098,22039,22039,22,039,Evangeline
1099,22041,22041,22,041,Franklin
1100,22043,22043,22,043,Grant
1101,22045,22045,22,045,Iberia
1102,22047,22047,22,047,Iberville
1103,22049,22049,22,049,Jackson
1104,22051,22051,22,051,Jefferson
1105,22053,22053,22,053,Jefferson Davis
1106,22055,22055,22,055,Lafayette
1107,22057,22057,22,057,Lafourche
1108,22059,22059,22,059,LaSalle
1109,22061,22061,22,061,Lincoln
1110,22063,22063,22,063,Livingston
1111,22065,22065,22,065,Madison
1112,22067,22067,22,067,Morehouse
1113,22069,22069,22,069,Natchitoches
1114,22071,22071,22,071,Orleans
1115,22073,22073,22,073,Ouachita
1116,22075,22075,22,075,Plaquemines
1117,22077,22077,22,077,Pointe Coupee
1118,22079,22079,22,079,Rapides
1119,22081,22081,22,081,Red River
1120,22083,22083,22,083,Richland
1121,22085,22085,22,085,Sabine
1122,22087,22087,22,087,St. Bernard
1123,22089,22089,22,089,St. Charles
1124,22091,22091,22,091,St. Helena
1125,22093,22093,22,093,St. James
1126,22095,22095,22,095,St. John the Baptist
1127,22097,22097,22,097,St. Landry
1128,22099,22099,22,099,St. Martin
1129,22101,22101,22,101,St. Mary
1130,22103,22103,22,103,St. Tammany
1131,22105,22105,22,105,Tangipahoa
1132,22107,22107,22,107,Tensas
1133,22109,22109,22,109,Terrebonne
1134,22111,22111,22,111,Union
1135,22113,22113,22,113,Vermilion
1136,22115,22115,22,115,Vernon
1137,22117,22117,22,117,Washington
1138,22119,22119,22,119,Webster
1139,22121,22121,22,121,West Baton Rouge
1140,22123,22123,22,123,West Carroll
1141,22125,22125,22,125,West Feliciana
1142,22127,22127,22,127,Winn
1143,23001,23001,23,001,Androscoggin
1144,23003,23003,23,003,Aroostook
1145,23005,23005,23,005,Cumberland
1146,23007,23007,23,007,Franklin
1147,23009,23009,23,009,Hancock
1148,23011,23011,23,011,Kennebec
1149,23013,23013,23,013,Knox
1150,23015,23015,23,015,Lincoln
1151,23017,23017,23,017,Oxford
1152,23019,23019,23,019,Penobscot
1153,23021,23021,23,021,Piscataquis
1154,23023,23023,23,023,Sagadahoc
1155,23025,23025,23,025,Somerset
1156,23027,23027,23,027,Waldo
1157,23029,23029,23,029,Washington
1158,23031,23031,23,031,York
1159,24001,24001,24,001,Allegany
1160,24003,24003,24,003,Anne Arundel
1161,24005,24005,24,005,Baltimore
1162,24009,24009,24,009,Calvert
1163,24011,24011,24,011,Caroline
1164,24013,24013,24,013,Carroll
1165,24015,24015,24,015,Cecil
1166,24017,24017,24,017,Charles
1167,24019,24019,24,019,Dorchester
1168,24021,24021,24,021,Frederick
1169,24023,24023,24,023,Garrett
1170,24025,24025,24,025,Harford
1171,24027,24027,24,027,Howard
1172,24029,24029,24,029,Kent
1173,24031,24031,24,031,Montgomery
1174,24033,24033,24,033,Prince George's
1175,24035,24035,24,035,Queen Anne's
1176,24037,24037,24,037,St. Mary's
1177,24039,24039,24,039,Somerset
1178,24041,24041,24,041,Talbot
1179,24043,24043,24,043,Washington
1180,24045,24045,24,045,Wicomico
1181,24047,24047,24,047,Worcester
1182,24510,24510,24,510,Baltimore
1183,25001,25001,25,001,Barnstable
1184,25003,25003,25,003,Berkshire
1185,25005,25005,25,005,Bristol
1186,25007,25007,25,007,Dukes
1187,25009,25009,25,009,Essex
1188,25011,25011,25,011,Franklin
1189,25013,25013,25,013,Hampden
1190,25015,25015,25,015,Hampshire
1191,25017,25017,25,017,Middlesex
1192,25019,25019,25,019,Nantucket
1193,25021,25021,25,021,Norfolk
1194,25023,25023,25,023,Plymouth
1195,25025,25025,25,025,Suffolk
1196,25027,25027,25,027,Worcester
1197,26001,26001,26,001,Alcona
1198,26003,26003,26,003,Alger
1199,26005,26005,26,005,Allegan
1200,26007,26007,26,007,Alpena
1201,26009,26009,26,009,Antrim
1202,26011,26011,26,011,Arenac
1203,26013,26013,26,013,Baraga
1204,26015,26015,26,015,Barry
1205,26017,26017,26,017,Bay
1206,26019,26019,26,019,Benzie
1207,26021,26021,26,021,Berrien
1208,26023,26023,26,023,Branch
1209,26025,26025,26,025,Calhoun
1210,26027,26027,26,027,Cass
1211,26029,26029,26,029,Charlevoix
1212,26031,26031,26,031,Cheboygan
1213,26033,26033,26,033,Chippewa
1214,26035,26035,26,035,Clare
1215,26037,26037,26,037,Clinton
1216,26039,26039,26,039,Crawford
1217,26041,26041,26,041,Delta
1218,26043,26043,26,043,Dickinson
1219,26045,26045,26,045,Eaton
1220,26047,26047,26,047,Emmet
1221,26049,26049,26,049,Genesee
1222,26051,26051,26,051,Gladwin
1223,26053,26053,26,053,Gogebic
1224,26055,26055,26,055,Grand Traverse
1225,26057,26057,26,057,Gratiot
1226,26059,26059,26,059,Hillsdale
1227,26061,26061,26,061,Houghton
1228,26063,26063,26,063,Huron
1229,26065,26065,26,065,Ingham
1230,26067,26067,26,067,Ionia
1231,26069,26069,26,069,Iosco
1232,26071,26071,26,071,Iron
1233,26073,26073,26,073,Isabella
1234,26075,26075,26,075,Jackson
1235,26077,26077,26,077,Kalamazoo
1236,26079,26079,26,079,Kalkaska
1237,26081,26081,26,081,Kent
1238,26083,26083,26,083,Keweenaw
1239,26085,26085,26,085,Lake
1240,26087,26087,26,087,Lapeer
1241,26089,26089,26,089,Leelanau
1242,26091,26091,26,091,Lenawee
1243,26093,26093,26,093,Livingston
1244,26095,26095,26,095,Luce
1245,26097,26097,26,097,Mackinac
1246,26099,26099,26,099,Macomb
1247,26101,26101,26,101,Manistee
1248,26103,26103,26,103,Marquette
1249,26105,26105,26,105,Mason
1250,26107,26107,26,107,Mecosta
1251,26109,26109,26,109,Menominee
1252,26111,26111,26,111,Midland
1253,26113,26113,26,113,Missaukee
1254,26115,26115,26,115,Monroe
1255,26117,26117,26,117,Montcalm
1256,26119,26119,26,119,Montmorency
1257,26121,26121,26,121,Muskegon
1258,26123,26123,26,123,Newaygo
1259,26125,26125,26,125,Oakland
1260,26127,26127,26,127,Oceana
1261,26129,26129,26,129,Ogemaw
1262,26131,26131,26,131,Ontonagon
1263,26133,26133,26,133,Osceola
1264,26135,26135,26,135,Oscoda
1265,26137,26137,26,137,Otsego
1266,26139,26139,26,139,Ottawa
1267,26141,26141,26,141,Presque Isle
1268,26143,26143,26,143,Roscommon
1269,26145,26145,26,145,Saginaw
1270,26147,26147,26,147,St. Clair
1271,26149,26149,26,149,St. Joseph
1272,26151,26151,26,151,Sanilac
1273,26153,26153,26,153,Schoolcraft
1274,26155,26155,26,155,Shiawassee
1275,26157,26157,26,157,Tuscola
1276,26159,26159,26,159,Van Buren
1277,26161,26161,26,161,Washtenaw
1278,26163,26163,26,163,Wayne
1279,26165,26165,26,165,Wexford
1280,27001,27001,27,001,Aitkin
1281,27003,27003,27,003,Anoka
1282,27005,27005,27,005,Becker
1283,27007,27007,27,007,Beltrami
1284,27009,27009,27,009,Benton
1285,27011,27011,27,011,Big Stone
1286,27013,27013,27,013,Blue Earth
1287,27015,27015,27,015,Brown
1288,27017,27017,27,017,Carlton
1289,27019,27019,27,019,Carver
1290,27021,27021,27,021,Cass
1291,27023,27023,27,023,Chippewa
1292,27025,27025,27,025,Chisago
1293,27027,27027,27,027,Clay
1294,27029,27029,27,029,Clearwater
1295,27031,27031,27,031,Cook
1296,27033,27033,27,033,Cottonwood
1297,27035,27035,27,035,Crow Wing
1298,27037,27037,27,037,Dakota
1299,27039,27039,27,039,Dodge
1300,27041,27041,27,041,Douglas
1301,27043,27043,27,043,Faribault
1302,27045,27045,27,045,Fillmore
1303,27047,27047,27,047,Freeborn
1304,27049,27049,27,049,Goodhue
1305,27051,27051,27,051,Grant
1306,27053,27053,27,053,Hennepin
1307,27055,27055,27,055,Houston
1308,27057,27057,27,057,Hubbard
1309,27059,27059,27,059,Isanti
1310,27061,27061,27,061,Itasca
1311,27063,27063,27,063,Jackson
1312,27065,27065,27,065,Kanabec
1313,27067,27067,27,067,Kandiyohi
1314,27069,27069,27,069,Kittson
1315,27071,27071,27,071,Koochiching
1316,27073,27073,27,073,Lac qui Parle
1317,27075,27075,27,075,Lake
1318,27077,27077,27,077,Lake of the Woods
1319,27079,27079,27,079,Le Sueur
1320,27081,27081,27,081,Lincoln
1321,27083,27083,27,083,Lyon
1322,27085,27085,27,085,McLeod
1323,27087,27087,27,087,Mahnomen
1324,27089,27089,27,089,Marshall
1325,27091,27091,27,091,Martin
1326,27093,27093,27,093,Meeker
1327,27095,27095,27,095,Mille Lacs
1328,27097,27097,27,097,Morrison
1329,27099,27099,27,099,Mower
1330,27101,27101,27,101,Murray
1331,27103,27103,27,103,Nicollet
1332,27105,27105,27,105,Nobles
1333,27107,27107,27,107,Norman
1334,27109,27109,27,109,Olmsted
1335,27111,27111,27,111,Otter Tail
1336,27113,27113,27,113,Pennington
1337,27115,27115,27,115,Pine
1338,27117,27117,27,117,Pipestone
1339,27119,27119,27,119,Polk
1340,27121,27121,27,121,Pope
1341,27123,27123,27,123,Ramsey
1342,27125,27125,27,125,Red Lake
1343,27127,27127,27,127,Redwood
1344,27129,27129,27,129,Renville
1345,27131,27131,27,131,Rice
1346,27133,27133,27,133,Rock
1347,27135,27135,27,135,Roseau
1348,27137,27137,27,137,St. Louis
1349,27139,27139,27,139,Scott
1350,27141,27141,27,141,Sherburne
1351,27143,27143,27,143,Sibley
1352,27145,27145,27,145,Stearns
1353,27147,27147,27,147,Steele
1354,27149,27149,27,149,Stevens
1355,27151,27151,27,151,Swift
1356,27153,27153,27,153,Todd
1357,27155,27155,27,155,Traverse
1358,27157,27157,27,157,Wabasha
1359,27159,27159,27,159,Wadena
1360,27161,27161,27,161,Waseca
1361,27163,27163,27,163,Washington
1362,27165,27165,27,165,Watonwan
1363,27167,27167,27,167,Wilkin
1364,27169,27169,27,169,Winona
1365,27171,27171,27,171,Wright
1366,27173,27173,27,173,Yellow Medicine
1367,28001,28001,28,001,Adams
1368,28003,28003,28,003,Alcorn
1369,28005,28005,28,005,Amite
1370,28007,28007,28,007,Attala
1371,28009,28009,28,009,Benton
1372,28011,28011,28,011,Bolivar
1373,28013,28013,28,013,Calhoun
1374,28015,28015,28,015,Carroll
1375,28017,28017,28,017,Chickasaw
1376,28019,28019,28,019,Choctaw
1377,28021,28021,28,021,Claiborne
1378,28023,28023,28,023,Clarke
1379,28025,28025,28,025,Clay
1380,28027,28027,28,027,Coahoma
1381,28029,28029,28,029,Copiah
1382,28031,28031,28,031,Covington
1383,28033,28033,28,033,DeSoto
1384,28035,28035,28,035,Forrest
1385,28037,28037,28,037,Franklin
1386,28039,28039,28,039,George
1387,28041,28041,28,041,Greene
1388,28043,28043,28,043,Grenada
1389,28045,28045,28,045,Hancock
1390,28047,28047,28,047,Harrison
1391,28049,28049,28,049,Hinds
1392,28051,28051,28,051,Holmes
1393,28053,28053,28,053,Humphreys
1394,28055,28055,28,055,Issaquena
1395,28057,28057,28,057,Itawamba
1396,28059,28059,28,059,Jackson
1397,28061,28061,28,061,Jasper
1398,28063,28063,28,063,Jefferson
1399,28065,28065,28,065,Jefferson Davis
1400,28067,28067,28,067,Jones
1401,28069,28069,28,069,Kemper
1402,28071,28071,28,071,Lafayette
1403,28073,28073,28,073,Lamar
1404,28075,28075,28,075,Lauderdale
1405,28077,28077,28,077,Lawrence
1406,28079,28079,28,079,Leake
1407,28081,28081,28,081,Lee
1408,28083,28083,28,083,Leflore
1409,28085,28085,28,085,Lincoln
1410,28087,28087,28,087,Lowndes
1411,28089,28089,28,089,Madison
1412,28091,28091,28,091,Marion
1413,28093,28093,28,093,Marshall
1414,28095,28095,28,095,Monroe
1415,28097,28097,28,097,Montgomery
1416,28099,28099,28,099,Neshoba
1417,28101,28101,28,101,Newton
1418,28103,28103,28,103,Noxubee
1419,28105,28105,28,105,Oktibbeha
1420,28107,28107,28,107,Panola
1421,28109,28109,28,109,Pearl River
1422,28111,28111,28,111,Perry
1423,28113,28113,28,113,Pike
1424,28115,28115,28,115,Pontotoc
1425,28117,28117,28,117,Prentiss
1426,28119,28119,28,119,Quitman
1427,28121,28121,28,121,Rankin
1428,28123,28123,28,123,Scott
1429,28125,28125,28,125,Sharkey
1430,28127,28127,28,127,Simpson
1431,28129,28129,28,129,Smith
1432,28131,28131,28,131,Stone
1433,28133,28133,28,133,Sunflower
1434,28135,28135,28,135,Tallahatchie
1435,28137,28137,28,137,Tate
1436,28139,28139,28,139,Tippah
1437,28141,28141,28,141,Tishomingo
1438,28143,28143,28,143,Tunica
1439,28145,28145,28,145,Union
1440,28147,28147,28,147,Walthall
1441,28149,28149,28,149,Warren
1442,28151,28151,28,151,Washington
1443,28153,28153,28,153,Wayne
1444,28155,28155,28,155,Webster
1445,28157,28157,28,157,Wilkinson
1446,28159,28159,28,159,Winston
1447,28161,28161,28,161,Yalobusha
1448,28163,28163,28,163,Yazoo
1449,29001,29001,29,001,Adair
1450,29003,29003,29,003,Andrew
1451,29005,29005,29,005,Atchison
1452,29007,29007,29,007,Audrain
1453,29009,29009,29,009,Barry
1454,29011,29011,29,011,Barton
1455,29013,29013,29,013,Bates
1456,29015,29015,29,015,Benton
1457,29017,29017,29,017,Bollinger
1458,29019,29019,29,019,Boone
1459,29021,29021,29,021,Buchanan
1460,29023,29023,29,023,Butler
1461,29025,29025,29,025,Caldwell
1462,29027,29027,29,027,Callaway
1463,29029,29029,29,029,Camden
1464,29031,29031,29,031,Cape Girardeau
1465,29033,29033,29,033,Carroll
1466,29035,29035,29,035,Carter
1467,29037,29037,29,037,Cass
1468,29039,29039,29,039,Cedar
1469,29041,29041,29,041,Chariton
1470,29043,29043,29,043,Christian
1471,29045,29045,29,045,Clark
1472,29047,29047,29,047,Clay
1473,29049,29049,29,049,Clinton
1474,29051,29051,29,051,Cole
1475,29053,29053,29,053,Cooper
1476,29055,29055,29,055,Crawford
1477,29057,29057,29,057,Dade
1478,29059,29059,29,059,Dallas
1479,29061,29061,29,061,Daviess
1480,29063,29063,29,063,DeKalb
1481,29065,29065,29,065,Dent
1482,29067,29067,29,067,Douglas
1483,29069,29069,29,069,Dunklin
1484,29071,29071,29,071,Franklin
1485,29073,29073,29,073,Gasconade
1486,29075,29075,29,075,Gentry
1487,29077,29077,29,077,Greene
1488,29079,29079,29,079,Grundy
1489,29081,29081,29,081,Harrison
1490,29083,29083,29,083,Henry
1491,29085,29085,29,085,Hickory
1492,29087,29087,29,087,Holt
1493,29089,29089,29,089,Howard
1494,29091,29091,29,091,Howell
1495,29093,29093,29,093,Iron
1496,29095,29095,29,095,Jackson
1497,29097,29097,29,097,Jasper
1498,29099,29099,29,099,Jefferson
1499,29101,29101,29,101,Johnson
1500,29103,29103,29,103,Knox
1501,29105,29105,29,105,Laclede
1502,29107,29107,29,107,Lafayette
1503,29109,29109,29,109,Lawrence
1504,29111,29111,29,111,Lewis
1505,29113,29113,29,113,Lincoln
1506,29115,29115,29,115,Linn
1507,29117,29117,29,117,Livingston
1508,29119,29119,29,119,McDonald
1509,29121,29121,29,121,Macon
1510,29123,29123,29,123,Madison
1511,29125,29125,29,125,Maries
1512,29127,29127,29,127,Marion
1513,29129,29129,29,129,Mercer
1514,29131,29131,29,131,Miller
1515,29133,29133,29,133,Mississippi
1516,29135,29135,29,135,Moniteau
1517,29137,29137,29,137,Monroe
1518,29139,29139,29,139,Montgomery
1519,29141,29141,29,141,Morgan
1520,29143,29143,29,143,New Madrid
1521,29145,29145,29,145,Newton
1522,29147,29147,29,147,Nodaway
1523,29149,29149,29,149,Oregon
1524,29151,29151,29,151,Osage
1525,29153,29153,29,153,Ozark
1526,29155,29155,29,155,Pemiscot
1527,29157,29157,29,157,Perry
1528,29159,29159,29,159,Pettis
1529,29161,29161,29,161,Phelps
1530,29163,29163,29,163,Pike
1531,29165,29165,29,165,Platte
1532,29167,29167,29,167,Polk
1533,29169,29169,29,169,Pulaski
1534,29171,29171,29,171,Putnam
1535,29173,29173,29,173,Ralls
1536,29175,29175,29,175,Randolph
1537,29177,29177,29,177,Ray
1538,29179,29179,29,179,Reynolds
1539,29181,29181,29,181,Ripley
1540,29183,29183,29,183,St. Charles
1541,29185,29185,29,185,St. Clair
1542,29186,29186,29,186,Ste. Genevieve
1543,29187,29187,29,187,St. Francois
1544,29189,29189,29,189,St. Louis
1545,29195,29195,29,195,Saline
1546,29197,29197,29,197,Schuyler
1547,29199,29199,29,199,Scotland
1548,29201,29201,29,201,Scott
1549,29203,29203,29,203,Shannon
1550,29205,29205,29,205,Shelby
1551,29207,29207,29,207,Stoddard
1552,29209,29209,29,209,Stone
1553,29211,29211,29,211,Sullivan
1554,29213,29213,29,213,Taney
1555,29215,29215,29,215,Texas
1556,29217,29217,29,217,Vernon
1557,29219,29219,29,219,Warren
1558,29221,29221,29,221,Washington
1559,29223,29223,29,223,Wayne
1560,29225,29225,29,225,Webster
1561,29227,29227,29,227,Worth
1562,29229,29229,29,229,Wright
1563,29510,29510,29,510,St. Louis
1564,30001,30001,30,001,Beaverhead
1565,30003,30003,30,003,Big Horn
1566,30005,30005,30,005,Blaine
1567,30007,30007,30,007,Broadwater
1568,30009,30009,30,009,Carbon
1569,30011,30011,30,011,Carter
1570,30013,30013,30,013,Cascade
1571,30015,30015,30,015,Chouteau
1572,30017,30017,30,017,Custer
1573,30019,30019,30,019,Daniels
1574,30021,30021,30,021,Dawson
1575,30023,30023,30,023,Deer Lodge
1576,30025,30025,30,025,Fallon
1577,30027,30027,30,027,Fergus
1578,30029,30029,30,029,Flathead
1579,30031,30031,30,031,Gallatin
1580,30033,30033,30,033,Garfield
1581,30035,30035,30,035,Glacier
1582,30037,30037,30,037,Golden Valley
1583,30039,30039,30,039,Granite
1584,30041,30041,30,041,Hill
1585,30043,30043,30,043,Jefferson
1586,30045,30045,30,045,Judith Basin
1587,30047,30047,30,047,Lake
1588,30049,30049,30,049,Lewis and Clark
1589,30051,30051,30,051,Liberty
1590,30053,30053,30,053,Lincoln
1591,30055,30055,30,055,McCone
1592,30057,30057,30,057,Madison
1593,30059,30059,30,059,Meagher
1594,30061,30061,30,061,Mineral
1595,30063,30063,30,063,Missoula
1596,30065,30065,30,065,Musselshell
1597,30067,30067,30,067,Park
1598,30069,30069,30,069,Petroleum
1599,30071,30071,30,071,Phillips
1600,30073,30073,30,073,Pondera
1601,30075,30075,30,075,Powder River
1602,30077,30077,30,077,Powell
1603,30079,30079,30,079,Prairie
1604,30081,30081,30,081,Ravalli
1605,30083,30083,30,083,Richland
1606,30085,30085,30,085,Roosevelt
1607,30087,30087,30,087,Rosebud
1608,30089,30089,30,089,Sanders
1609,30091,30091,30,091,Sheridan
1610,30093,30093,30,093,Silver Bow
1611,30095,30095,30,095,Stillwater
1612,30097,30097,30,097,Sweet Grass
1613,30099,30099,30,099,Teton
1614,30101,30101,30,101,Toole
1615,30103,30103,30,103,Treasure
1616,30105,30105,30,105,Valley
1617,30107,30107,30,107,Wheatland
1618,30109,30109,30,109,Wibaux
1619,30111,30111,30,111,Yellowstone
1620,31001,31001,31,001,Adams
1621,31003,31003,31,003,Antelope
1622,31005,31005,31,005,Arthur
1623,31007,31007,31,007,Banner
1624,31009,31009,31,009,Blaine
1625,31011,31011,31,011,Boone
1626,31013,31013,31,013,Box Butte
1627,31015,31015,31,015,Boyd
1628,31017,31017,31,017,Brown
1629,31019,31019,31,019,Buffalo
1630,31021,31021,31,021,Burt
1631,31023,31023,31,023,Butler
1632,31025,31025,31,025,Cass
1633,31027,31027,31,027,Cedar
1634,31029,31029,31,029,Chase
1635,31031,31031,31,031,Cherry
1636,31033,31033,31,033,Cheyenne
1637,31035,31035,31,035,Clay
1638,31037,31037,31,037,Colfax
1639,31039,31039,31,039,Cuming
1640,31041,31041,31,041,Custer
1641,31043,31043,31,043,Dakota
1642,31045,31045,31,045,Dawes
1643,31047,31047,31,047,Dawson
1644,31049,31049,31,049,Deuel
1645,31051,31051,31,051,Dixon
1646,31053,31053,31,053,Dodge
1647,31055,31055,31,055,Douglas
1648,31057,31057,31,057,Dundy
1649,31059,31059,31,059,Fillmore
1650,31061,31061,31,061,Franklin
1651,31063,31063,31,063,Frontier
1652,31065,31065,31,065,Furnas
1653,31067,31067,31,067,Gage
1654,31069,31069,31,069,Garden
1655,31071,31071,31,071,Garfield
1656,31073,31073,31,073,Gosper
1657,31075,31075,31,075,Grant
1658,31077,31077,31,077,Greeley
1659,31079,31079,31,079,Hall
1660,31081,31081,31,081,Hamilton
1661,31083,31083,31,083,Harlan
1662,31085,31085,31,085,Hayes
1663,31087,31087,31,087,Hitchcock
1664,31089,31089,31,089,Holt
1665,31091,31091,31,091,Hooker
1666,31093,31093,31,093,Howard
1667,31095,31095,31,095,Jefferson
1668,31097,31097,31,097,Johnson
1669,31099,31099,31,099,Kearney
1670,31101,31101,31,101,Keith
1671,31103,31103,31,103,Keya Paha
1672,31105,31105,31,105,Kimball
1673,31107,31107,31,107,Knox
1674,31109,31109,31,109,Lancaster
1675,31111,31111,31,111,Lincoln
1676,31113,31113,31,113,Logan
1677,31115,31115,31,115,Loup
1678,31117,31117,31,117,McPherson
1679,31119,31119,31,119,Madison
1680,31121,31121,31,121,Merrick
1681,31123,31123,31,123,Morrill
1682,31125,31125,31,125,Nance
1683,31127,31127,31,127,Nemaha
1684,31129,31129,31,129,Nuckolls
1685,31131,31131,31,131,Otoe
1686,31133,31133,31,133,Pawnee
1687,31135,31135,31,135,Perkins
1688,31137,31137,31,137,Phelps
1689,31139,31139,31,139,Pierce
1690,31141,31141,31,141,Platte
1691,31143,31143,31,143,Polk
1692,31145,31145,31,145,Red Willow
1693,31147,31147,31,147,Richardson
1694,31149,31149,31,149,Rock
1695,31151,31151,31,151,Saline
1696,31153,31153,31,153,Sarpy
1697,31155,31155,31,155,Saunders
1698,31157,31157,31,157,Scotts Bluff
1699,31159,31159,31,159,Seward
1700,31161,31161,31,161,Sheridan
1701,31163,31163,31,163,Sherman
1702,31165,31165,31,165,Sioux
1703,31167,31167,31,167,Stanton
1704,31169,31169,31,169,Thayer
1705,31171,31171,31,171,Thomas
1706,31173,31173,31,173,Thurston
1707,31175,31175,31,175,Valley
1708,31177,31177,31,177,Washington
1709,31179,31179,31,179,Wayne
1710,31181,31181,31,181,Webster
1711,31183,31183,31,183,Wheeler
1712,31185,31185,31,185,York
1713,32001,32001,32,001,Churchill
1714,32003,32003,32,003,Clark
1715,32005,32005,32,005,Douglas
1716,32007,32007,32,007,Elko
1717,32009,32009,32,009,Esmeralda
1718,32011,32011,32,011,Eureka
1719,32013,32013,32,013,Humboldt
1720,32015,32015,32,015,Lander
1721,32017,32017,32,017,Lincoln
1722,32019,32019,32,019,Lyon
1723,32021,32021,32,021,Mineral
1724,32023,32023,32,023,Nye
1725,32027,32027,32,027,Pershing
1726,32029,32029,32,029,Storey
1727,32031,32031,32,031,Washoe
1728,32033,32033,32,033,White Pine
1729,32510,32510,32,510,Carson City
1730,33001,33001,33,001,Belknap
1731,33003,33003,33,003,Carroll
1732,33005,33005,33,005,Cheshire
1733,33007,33007,33,007,Coos
1734,33009,33009,33,009,Grafton
1735,33011,33011,33,011,Hillsborough
1736,33013,33013,33,013,Merrimack
1737,33015,33015,33,015,Rockingham
1738,33017,33017,33,017,Strafford
1739,33019,33019,33,019,Sullivan
1740,34001,34001,34,001,Atlantic
1741,34003,34003,34,003,Bergen
1742,34005,34005,34,005,Burlington
1743,34007,34007,34,007,Camden
1744,34009,34009,34,009,Cape May
1745,34011,34011,34,011,Cumberland
1746,34013,34013,34,013,Essex
1747,34015,34015,34,015,Gloucester
1748,34017,34017,34,017,Hudson
1749,34019,34019,34,019,Hunterdon
1750,34021,34021,34,021,Mercer
1751,34023,34023,34,023,Middlesex
1752,34025,34025,34,025,Monmouth
1753,34027,34027,34,027,Morris
1754,34029,34029,34,029,Ocean
1755,34031,34031,34,031,Passaic
1756,34033,34033,34,033,Salem
1757,34035,34035,34,035,Somerset
1758,34037,34037,34,037,Sussex
1759,34039,34039,34,039,Union
1760,34041,34041,34,041,Warren
1761,35001,35001,35,001,Bernalillo
1762,35003,35003,35,003,Catron
1763,35005,35005,35,005,Chaves
1764,35006,35006,35,006,Cibola
1765,35007,35007,35,007,Colfax
1766,35009,35009,35,009,Curry
1767,35011,35011,35,011,De Baca
1768,35013,35013,35,013,Doña Ana
1769,35015,35015,35,015,Eddy
1770,35017,35017,35,017,Grant
1771,35019,35019,35,019,Guadalupe
1772,35021,35021,35,021,Harding
1773,35023,35023,35,023,Hidalgo
1774,35025,35025,35,025,Lea
1775,35027,35027,35,027,Lincoln
1776,35028,35028,35,028,Los Alamos
1777,35029,35029,35,029,Luna
1778,35031,35031,35,031,McKinley
1779,35033,35033,35,033,Mora
1780,35035,35035,35,035,Otero
1781,35037,35037,35,037,Quay
1782,35039,35039,35,039,Rio Arriba
1783,35041,35041,35,041,Roosevelt
1784,35043,35043,35,043,Sandoval
1785,35045,35045,35,045,San Juan
1786,35047,35047,35,047,San Miguel
1787,35049,35049,35,049,Santa Fe
1788,35051,35051,35,051,Sierra
1789,35053,35053,35,053,Socorro
1790,35055,35055,35,055,Taos
1791,35057,35057,35,057,Torrance
1792,35059,35059,35,059,Union
1793,35061,35061,35,061,Valencia
1794,36001,36001,36,001,Albany
1795,36003,36003,36,003,Allegany
1796,36005,36005,36,005,Bronx
1797,36007,36007,36,007,Broome
1798,36009,36009,36,009,Cattaraugus
1799,36011,36011,36,011,Cayuga
1800,36013,36013,36,013,Chautauqua
1801,36015,36015,36,015,Chemung
1802,36017,36017,36,017,Chenango
1803,36019,36019,36,019,Clinton
1804,36021,36021,36,021,Columbia
1805,36023,36023,36,023,Cortland
1806,36025,36025,36,025,Delaware
1807,36027,36027,36,027,Dutchess
1808,36029,36029,36,029,Erie
1809,36031,36031,36,031,Essex
1810,36033,36033,36,033,Franklin
1811,36035,36035,36,035,Fulton
1812,36037,36037,36,037,Genesee
1813,36039,36039,36,039,Greene
1814,36041,36041,36,041,Hamilton
1815,36043,36043,36,043,Herkimer
1816,36045,36045,36,045,Jefferson
1817,36047,36047,36,047,Kings
1818,36049,36049,36,049,Lewis
1819,36051,36051,36,051,Livingston
1820,36053,36053,36,053,Madison
1821,36055,36055,36,055,Monroe
1822,36057,36057,36,057,Montgomery
1823,36059,36059,36,059,Nassau
1824,36061,36061,36,061,New York
1825,36063,36063,36,063,Niagara
1826,36065,36065,36,065,Oneida
1827,36067,36067,36,067,Onondaga
1828,36069,36069,36,069,Ontario
1829,36071,36071,36,071,Orange
1830,36073,36073,36,073,Orleans
1831,36075,36075,36,075,Oswego
1832,36077,36077,36,077,Otsego
1833,36079,36079,36,079,Putnam
1834,36081,36081,36,081,Queens
1835,36083,36083,36,083,Rensselaer
1836,36085,36085,36,085,Richmond
1837,36087,36087,36,087,Rockland
1838,36089,36089,36,089,St. Lawrence
1839,36091,36091,36,091,Saratoga
1840,36093,36093,36,093,Schenectady
1841,36095,36095,36,095,Schoharie
1842,36097,36097,36,097,Schuyler
1843,36099,36099,36,099,Seneca
1844,36101,36101,36,101,Steuben
1845,36103,36103,36,103,Suffolk
1846,36105,36105,36,105,Sullivan
1847,36107,36107,36,107,Tioga
1848,36109,36109,36,109,Tompkins
1849,36111,36111,36,111,Ulster
1850,36113,36113,36,113,Warren
1851,36115,36115,36,115,Washington
1852,36117,36117,36,117,Wayne
1853,36119,36119,36,119,Westchester
1854,36121,36121,36,121,Wyoming
1855,36123,36123,36,123,Yates
1856,37001,37001,37,001,Alamance
1857,37003,37003,37,003,Alexander
1858,37005,37005,37,005,Alleghany
1859,37007,37007,37,007,Anson
1860,37009,37009,37,009,Ashe
1861,37011,37011,37,011,Avery
1862,37013,37013,37,013,Beaufort
1863,37015,37015,37,015,Bertie
1864,37017,37017,37,017,Bladen
1865,37019,37019,37,019,Brunswick
1866,37021,37021,37,021,Buncombe
1867,37023,37023,37,023,Burke
1868,37025,37025,37,025,Cabarrus
1869,37027,37027,37,027,Caldwell
1870,37029,37029,37,029,Camden
1871,37031,37031,37,031,Carteret
1872,37033,37033,37,033,Caswell
1873,37035,37035,37,035,Catawba
1874,37037,37037,37,037,Chatham
1875,37039,37039,37,039,Cherokee
1876,37041,37041,37,041,Chowan
1877,37043,37043,37,043,Clay
1878,37045,37045,37,045,Cleveland
1879,37047,37047,37,047,Columbus
1880,37049,37049,37,049,Craven
1881,37051,37051,37,051,Cumberland
1882,37053,37053,37,053,Currituck
1883,37055,37055,37,055,Dare
1884,37057,37057,37,057,Davidson
1885,37059,37059,37,059,Davie
1886,37061,37061,37,061,Duplin
1887,37063,37063,37,063,Durham
1888,37065,37065,37,065,Edgecombe
1889,37067,37067,37,067,Forsyth
1890,37069,37069,37,069,Franklin
1891,37071,37071,37,071,Gaston
1892,37073,37073,37,073,Gates
1893,37075,37075,37,075,Graham
1894,37077,37077,37,077,Granville
1895,37079,37079,37,079,Greene
1896,37081,37081,37,081,Guilford
1897,37083,37083,37,083,Halifax
1898,37085,37085,37,085,Harnett
1899,37087,37087,37,087,Haywood
1900,37089,37089,37,089,Henderson
1901,37091,37091,37,091,Hertford
1902,37093,37093,37,093,Hoke
1903,37095,37095,37,095,Hyde
1904,37097,37097,37,097,Iredell
1905,37099,37099,37,099,Jackson
1906,37101,37101,37,101,Johnston
1907,37103,37103,37,103,Jones
1908,37105,37105,37,105,Lee
1909,37107,37107,37,107,Lenoir
1910,37109,37109,37,109,Lincoln
1911,37111,37111,37,111,McDowell
1912,37113,37113,37,113,Macon
1913,37115,37115,37,115,Madison
1914,37117,37117,37,117,Martin
1915,37119,37119,37,119,Mecklenburg
1916,37121,37121,37,121,Mitchell
1917,37123,37123,37,123,Montgomery
1918,37125,37125,37,125,Moore
1919,37127,37127,37,127,Nash
1920,37129,37129,37,129,New Hanover
1921,37131,37131,37,131,Northampton
1922,37133,37133,37,133,Onslow
1923,37135,37135,37,135,Orange
1924,37137,37137,37,137,Pamlico
1925,37139,37139,37,139,Pasquotank
1926,37141,37141,37,141,Pender
1927,37143,37143,37,143,Perquimans
1928,37145,37145,37,145,Person
1929,37147,37147,37,147,Pitt
1930,37149,37149,37,149,Polk
1931,37151,37151,37,151,Randolph
1932,37153,37153,37,153,Richmond
1933,37155,37155,37,155,Robeson
1934,37157,37157,37,157,Rockingham
1935,37159,37159,37,159,Rowan
1936,37161,37161,37,161,Rutherford
1937,37163,37163,37,163,Sampson
1938,37165,37165,37,165,Scotland
1939,37167,37167,37,167,Stanly
1940,37169,37169,37,169,Stokes
1941,37171,37171,37,171,Surry
1942,37173,37173,37,173,Swain
1943,37175,37175,37,175,Transylvania
1944,37177,37177,37,177,Tyrrell
1945,37179,37179,37,179,Union
1946,37181,37181,37,181,Vance
1947,37183,37183,37,183,Wake
1948,37185,37185,37,185,Warren
1949,37187,37187,37,187,Washington
1950,37189,37189,37,189,Watauga
1951,37191,37191,37,191,Wayne
1952,37193,37193,37,193,Wilkes
1953,37195,37195,37,195,Wilson
1954,37197,37197,37,197,Yadkin
1955,37199,37199,37,199,Yancey
1956,38001,38001,38,001,Adams
1957,38003,38003,38,003,Barnes
1958,38005,38005,38,005,Benson
1959,38007,38007,38,007,Billings
1960,38009,38009,38,009,Bottineau
1961,38011,38011,38,011,Bowman
1962,38013,38013,38,013,Burke
1963,38015,38015,38,015,Burleigh
1964,38017,38017,38,017,Cass
1965,38019,38019,38,019,Cavalier
1966,38021,38021,38,021,Dickey
1967,38023,38023,38,023,Divide
1968,38025,38025,38,025,Dunn
1969,38027,38027,38,027,Eddy
1970,38029,38029,38,029,Emmons
1971,38031,38031,38,031,Foster
1972,38033,38033,38,033,Golden Valley
1973,38035,38035,38,035,Grand Forks
1974,38037,38037,38,037,Grant
1975,38039,38039,38,039,Griggs
1976,38041,38041,38,041,Hettinger
1977,38043,38043,38,043,Kidder
1978,38045,38045,38,045,LaMoure
1979,38047,38047,38,047,Logan
1980,38049,38049,38,049,McHenry
1981,38051,38051,38,051,McIntosh
1982,38053,38053,38,053,McKenzie
1983,38055,38055,38,055,McLean
1984,38057,38057,38,057,Mercer
1985,38059,38059,38,059,Morton
1986,38061,38061,38,061,Mountrail
1987,38063,38063,38,063,Nelson
1988,38065,38065,38,065,Oliver
1989,38067,38067,38,067,Pembina
1990,38069,38069,38,069,Pierce
1991,38071,38071,38,071,Ramsey
1992,38073,38073,38,073,Ransom
1993,38075,38075,38,075,Renville
1994,38077,38077,38,077,Richland
1995,38079,38079,38,079,Rolette
1996,38081,38081,38,081,Sargent
1997,38083,38083,38,083,Sheridan
1998,38085,38085,38,085,Sioux
1999,38087,38087,38,087,Slope
2000,38089,38089,38,089,Stark
2001,38091,38091,38,091,Steele
2002,38093,38093,38,093,Stutsman
2003,38095,38095,38,095,Towner
2004,38097,38097,38,097,Traill
2005,38099,38099,38,099,Walsh
2006,38101,38101,38,101,Ward
2007,38103,38103,38,103,Wells
2008,38105,38105,38,105,Williams
2009,39001,39001,39,001,Adams
2010,39003,39003,39,003,Allen
2011,39005,39005,39,005,Ashland
2012,39007,39007,39,007,Ashtabula
2013,39009,39009,39,009,Athens
2014,39011,39011,39,011,Auglaize
2015,39013,39013,39,013,Belmont
2016,39015,39015,39,015,Brown
2017,39017,39017,39,017,Butler
2018,39019,39019,39,019,Carroll
2019,39021,39021,39,021,Champaign
2020,39023,39023,39,023,Clark
2021,39025,39025,39,025,Clermont
2022,39027,39027,39,027,Clinton
2023,39029,39029,39,029,Columbiana
2024,39031,39031,39,031,Coshocton
2025,39033,39033,39,033,Crawford
2026,39035,39035,39,035,Cuyahoga
2027,39037,39037,39,037,Darke
2028,39039,39039,39,039,Defiance
2029,39041,39041,39,041,Delaware
2030,39043,39043,39,043,Erie
2031,39045,39045,39,045,Fairfield
2032,39047,39047,39,047,Fayette
2033,39049,39049,39,049,Franklin
2034,39051,39051,39,051,Fulton
2035,39053,39053,39,053,Gallia
2036,39055,39055,39,055,Geauga
2037,39057,39057,39,057,Greene
2038,39059,39059,39,059,Guernsey
2039,39061,39061,39,061,Hamilton
2040,39063,39063,39,063,Hancock
2041,39065,39065,39,065,Hardin
2042,39067,39067,39,067,Harrison
2043,39069,39069,39,069,Henry
2044,39071,39071,39,071,Highland
2045,39073,39073,39,073,Hocking
2046,39075,39075,39,075,Holmes
2047,39077,39077,39,077,Huron
2048,39079,39079,39,079,Jackson
2049,39081,39081,39,081,Jefferson
2050,39083,39083,39,083,Knox
2051,39085,39085,39,085,Lake
2052,39087,39087,39,087,Lawrence
2053,39089,39089,39,089,Licking
2054,39091,39091,39,091,Logan
2055,39093,39093,39,093,Lorain
2056,39095,39095,39,095,Lucas
2057,39097,39097,39,097,Madison
2058,39099,39099,39,099,Mahoning
2059,39101,39101,39,101,Marion
2060,39103,39103,39,103,Medina
2061,39105,39105,39,105,Meigs
2062,39107,39107,39,107,Mercer
2063,39109,39109,39,109,Miami
2064,39111,39111,39,111,Monroe
2065,39113,39113,39,113,Montgomery
2066,39115,39115,39,115,Morgan
2067,39117,39117,39,117,Morrow
2068,39119,39119,39,119,Muskingum
2069,39121,39121,39,121,Noble
2070,39123,39123,39,123,Ottawa
2071,39125,39125,39,125,Paulding
2072,39127,39127,39,127,Perry
2073,39129,39129,39,129,Pickaway
2074,39131,39131,39,131,Pike
2075,39133,39133,39,133,Portage
2076,39135,39135,39,135,Preble
2077,39137,39137,39,137,Putnam
2078,39139,39139,39,139,Richland
2079,39141,39141,39,141,Ross
2080,39143,39143,39,143,Sandusky
2081,39145,39145,39,145,Scioto
2082,39147,39147,39,147,Seneca
2083,39149,39149,39,149,Shelby
2084,39151,39151,39,151,Stark
2085,39153,39153,39,153,Summit
2086,39155,39155,39,155,Trumbull
2087,39157,39157,39,157,Tuscarawas
2088,39159,39159,39,159,Union
2089,39161,39161,39,161,Van Wert
2090,39163,39163,39,163,Vinton
2091,39165,39165,39,165,Warren
2092,39167,39167,39,167,Washington
2093,39169,39169,39,169,Wayne
2094,39171,39171,39,171,Williams
2095,39173,39173,39,173,Wood
2096,39175,39175,39,175,Wyandot
2097,40001,40001,40,001,Adair
2098,40003,40003,40,003,Alfalfa
2099,40005,40005,40,005,Atoka
2100,40007,40007,40,007,Beaver
2101,40009,40009,40,009,Beckham
2102,40011,40011,40,011,Blaine
2103,40013,40013,40,013,Bryan
2104,40015,40015,40,015,Caddo
2105,40017,40017,40,017,Canadian
2106,40019,40019,40,019,Carter
2107,40021,40021,40,021,Cherokee
2108,40023,40023,40,023,Choctaw
2109,40025,40025,40,025,Cimarron
2110,40027,40027,40,027,Cleveland
2111,40029,40029,40,029,Coal
2112,40031,40031,40,031,Comanche
2113,40033,40033,40,033,Cotton
2114,40035,40035,40,035,Craig
2115,40037,40037,40,037,Creek
2116,40039,40039,40,039,Custer
2117,40041,40041,40,041,Delaware
2118,40043,40043,40,043,Dewey
2119,40045,40045,40,045,Ellis
2120,40047,40047,40,047,Garfield
2121,40049,40049,40,049,Garvin
2122,40051,40051,40,051,Grady
2123,40053,40053,40,053,Grant
2124,40055,40055,40,055,Greer
2125,40057,40057,40,057,Harmon
2126,40059,40059,40,059,Harper
2127,40061,40061,40,061,Haskell
2128,40063,40063,40,063,Hughes
2129,40065,40065,40,065,Jackson
2130,40067,40067,40,067,Jefferson
2131,40069,40069,40,069,Johnston
2132,40071,40071,40,071,Kay
2133,40073,40073,40,073,Kingfisher
2134,40075,40075,40,075,Kiowa
2135,40077,40077,40,077,Latimer
2136,40079,40079,40,079,Le Flore
2137,40081,40081,40,081,Lincoln
2138,40083,40083,40,083,Logan
2139,40085,40085,40,085,Love
2140,40087,40087,40,087,McClain
2141,40089,40089,40,089,McCurtain
2142,40091,40091,40,091,McIntosh
2143,40093,40093,40,093,Major
2144,40095,40095,40,095,Marshall
2145,40097,40097,40,097,Mayes
2146,40099,40099,40,099,Murray
2147,40101,40101,40,101,Muskogee
2148,40103,40103,40,103,Noble
2149,40105,40105,40,105,Nowata
2150,40107,40107,40,107,Okfuskee
2151,40109,40109,40,109,Oklahoma
2152,40111,40111,40,111,Okmulgee
2153,40113,40113,40,113,Osage
2154,40115,40115,40,115,Ottawa
2155,40117,40117,40,117,Pawnee
2156,40119,40119,40,119,Payne
2157,40121,40121,40,121,Pittsburg
2158,40123,40123,40,123,Pontotoc
2159,40125,40125,40,125,Pottawatomie
2160,40127,40127,40,127,Pushmataha
2161,40129,40129,40,129,Roger Mills
2162,40131,40131,40,131,Rogers
2163,40133,40133,40,133,Seminole
2164,40135,40135,40,135,Sequoyah
2165,40137,40137,40,137,Stephens
2166,40139,40139,40,139,Texas
2167,40141,40141,40,141,Tillman
2168,40143,40143,40,143,Tulsa
2169,40145,40145,40,145,Wagoner
2170,40147,40147,40,147,Washington
2171,40149,40149,40,149,Washita
2172,40151,40151,40,151,Woods
2173,40153,40153,40,153,Woodward
2174,41001,41001,41,001,Baker
2175,41003,41003,41,003,Benton
2176,41005,41005,41,005,Clackamas
2177,41007,41007,41,007,Clatsop
2178,41009,41009,41,009,Columbia
2179,41011,41011,41,011,Coos
2180,41013,41013,41,013,Crook
2181,41015,41015,41,015,Curry
2182,41017,41017,41,017,Deschutes
2183,41019,41019,41,019,Douglas
2184,41021,41021,41,021,Gilliam
2185,41023,41023,41,023,Grant
2186,41025,41025,41,025,Harney
2187,41027,41027,41,027,Hood River
2188,41029,41029,41,029,Jackson
2189,41031,41031,41,031,Jefferson
2190,41033,41033,41,033,Josephine
2191,41035,41035,41,035,Klamath
2192,41037,41037,41,037,Lake
2193,41039,41039,41,039,Lane
2194,41041,41041,41,041,Lincoln
2195,41043,41043,41,043,Linn
2196,41045,41045,41,045,Malheur
2197,41047,41047,41,047,Marion
2198,41049,41049,41,049,Morrow
2199,41051,41051,41,051,Multnomah
2200,41053,41053,41,053,Polk
2201,41055,41055,41,055,Sherman
2202,41057,41057,41,057,Tillamook
2203,41059,41059,41,059,Umatilla
2204,41061,41061,41,061,Union
2205,41063,41063,41,063,Wallowa
2206,41065,41065,41,065,Wasco
2207,41067,41067,41,067,Washington
2208,41069,41069,41,069,Wheeler
2209,41071,41071,41,071,Yamhill
2210,42001,42001,42,001,Adams
2211,42003,42003,42,003,Allegheny
2212,42005,42005,42,005,Armstrong
2213,42007,42007,42,007,Beaver
2214,42009,42009,42,009,Bedford
2215,42011,42011,42,011,Berks
2216,42013,42013,42,013,Blair
2217,42015,42015,42,015,Bradford
2218,42017,42017,42,017,Bucks
2219,42019,42019,42,019,Butler
2220,42021,42021,42,021,Cambria
2221,42023,42023,42,023,Cameron
2222,42025,42025,42,025,Carbon
2223,42027,42027,42,027,Centre
2224,42029,42029,42,029,Chester
2225,42031,42031,42,031,Clarion
2226,42033,42033,42,033,Clearfield
2227,42035,42035,42,035,Clinton
2228,42037,42037,42,037,Columbia
2229,42039,42039,42,039,Crawford
2230,42041,42041,42,041,Cumberland
2231,42043,42043,42,043,Dauphin
2232,42045,42045,42,045,Delaware
2233,42047,42047,42,047,Elk
2234,42049,42049,42,049,Erie
2235,42051,42051,42,051,Fayette
2236,42053,42053,42,053,Forest
2237,42055,42055,42,055,Franklin
2238,42057,42057,42,057,Fulton
2239,42059,42059,42,059,Greene
2240,42061,42061,42,061,Huntingdon
2241,42063,42063,42,063,Indiana
2242,42065,42065,42,065,Jefferson
2243,42067,42067,42,067,Juniata
2244,42069,42069,42,069,Lackawanna
2245,42071,42071,42,071,Lancaster
2246,42073,42073,42,073,Lawrence
2247,42075,42075,42,075,Lebanon
2248,42077,42077,42,077,Lehigh
2249,42079,42079,42,079,Luzerne
2250,42081,42081,42,081,Lycoming
2251,42083,42083,42,083,McKean
2252,42085,42085,42,085,Mercer
2253,42087,42087,42,087,Mifflin
2254,42089,42089,42,089,Monroe
2255,42091,42091,42,091,Montgomery
2256,42093,42093,42,093,Montour
2257,42095,42095,42,095,Northampton
2258,42097,42097,42,097,Northumberland
2259,42099,42099,42,099,Perry
2260,42101,42101,42,101,Philadelphia
2261,42103,42103,42,103,Pike
2262,42105,42105,42,105,Potter
2263,42107,42107,42,107,Schuylkill
2264,42109,42109,42,109,Snyder
2265,42111,42111,42,111,Somerset
2266,42113,42113,42,113,Sullivan
2267,42115,42115,42,115,Susquehanna
2268,42117,42117,42,117,Tioga
2269,42119,42119,42,119,Union
2270,42121,42121,42,121,Venango
2271,42123,42123,42,123,Warren
2272,42125,42125,42,125,Washington
2273,42127,42127,42,127,Wayne
2274,42129,42129,42,129,Westmoreland
2275,42131,42131,42,131,Wyoming
2276,42133,42133,42,133,York
2277,44001,44001,44,001,Bristol
2278,44003,44003,44,003,Kent
2279,44005,44005,44,005,Newport
2280,44007,44007,44,007,Providence
2281,44009,44009,44,009,Washington
2282,45001,45001,45,001,Abbeville
2283,45003,45003,45,003,Aiken
2284,45005,45005,45,005,Allendale
2285,45007,45007,45,007,Anderson
2286,45009,45009,45,009,Bamberg
2287,45011,45011,45,011,Barnwell
2288,45013,45013,45,013,Beaufort
2289,45015,45015,45,015,Berkeley
2290,45017,45017,45,017,Calhoun
2291,45019,45019,45,019,Charleston
2292,45021,45021,45,021,Cherokee
2293,45023,45023,45,023,Chester
2294,45025,45025,45,025,Chesterfield
2295,45027,45027,45,027,Clarendon
2296,45029,45029,45,029,Colleton
2297,45031,45031,45,031,Darlington
2298,45033,45033,45,033,Dillon
2299,45035,45035,45,035,Dorchester
2300,45037,45037,45,037,Edgefield
2301,45039,45039,45,039,Fairfield
2302,45041,45041,45,041,Florence
2303,45043,45043,45,043,Georgetown
2304,45045,45045,45,045,Greenville
2305,45047,45047,45,047,Greenwood
2306,45049,45049,45,049,Hampton
2307,45051,45051,45,051,Horry
2308,45053,45053,45,053,Jasper
2309,45055,45055,45,055,Kershaw
2310,45057,45057,45,057,Lancaster
2311,45059,45059,45,059,Laurens
2312,45061,45061,45,061,Lee
2313,45063,45063,45,063,Lexington
2314,45065,45065,45,065,McCormick
2315,45067,45067,45,067,Marion
2316,45069,45069,45,069,Marlboro
2317,45071,45071,45,071,Newberry
2318,45073,45073,45,073,Oconee
2319,45075,45075,45,075,Orangeburg
2320,45077,45077,45,077,Pickens
2321,45079,45079,45,079,Richland
2322,45081,45081,45,081,Saluda
2323,45083,45083,45,083,Spartanburg
2324,45085,45085,45,085,Sumter
2325,45087,45087,45,087,Union
2326,45089,45089,45,089,Williamsburg
2327,45091,45091,45,091,York
2328,46003,46003,46,003,Aurora
2329,46005,46005,46,005,Beadle
2330,46007,46007,46,007,Bennett
2331,46009,46009,46,009,Bon Homme
2332,46011,46011,46,011,Brookings
2333,46013,46013,46,013,Brown
2334,46015,46015,46,015,Brule
2335,46017,46017,46,017,Buffalo
2336,46019,46019,46,019,Butte
2337,46021,46021,46,021,Campbell
2338,46023,46023,46,023,Charles Mix
2339,46025,46025,46,025,Clark
2340,46027,46027,46,027,Clay
2341,46029,46029,46,029,Codington
2342,46031,46031,46,031,Corson
2343,46033,46033,46,033,Custer
2344,46035,46035,46,035,Davison
2345,46037,46037,46,037,Day
2346,46039,46039,46,039,Deuel
2347,46041,46041,46,041,Dewey
2348,46043,46043,46,043,Douglas
2349,46045,46045,46,045,Edmunds
2350,46047,46047,46,047,Fall River
2351,46049,46049,46,049,Faulk
2352,46051,46051,46,051,Grant
2353,46053,46053,46,053,Gregory
2354,46055,46055,46,055,Haakon
2355,46057,46057,46,057,Hamlin
2356,46059,46059,46,059,Hand
2357,46061,46061,46,061,Hanson
2358,46063,46063,46,063,Harding
2359,46065,46065,46,065,Hughes
2360,46067,46067,46,067,Hutchinson
2361,46069,46069,46,069,Hyde
2362,46071,46071,46,071,Jackson
2363,46073,46073,46,073,Jerauld
2364,46075,46075,46,075,Jones
2365,46077,46077,46,077,Kingsbury
2366,46079,46079,46,079,Lake
2367,46081,46081,46,081,Lawrence
2368,46083,46083,46,083,Lincoln
2369,46085,46085,46,085,Lyman
2370,46087,46087,46,087,McCook
2371,46089,46089,46,089,McPherson
2372,46091,46091,46,091,Marshall
2373,46093,46093,46,093,Meade
2374,46095,46095,46,095,Mellette
2375,46097,46097,46,097,Miner
2376,46099,46099,46,099,Minnehaha
2377,46101,46101,46,101,Moody
2378,46102,46102,46,102,Oglala Lakota
2379,46103,46103,46,103,Pennington
2380,46105,46105,46,105,Perkins
2381,46107,46107,46,107,Potter
2382,46109,46109,46,109,Roberts
2383,46111,46111,46,111,Sanborn
2384,46115,46115,46,115,Spink
2385,46117,46117,46,117,Stanley
2386,46119,46119,46,119,Sully
2387,46121,46121,46,121,Todd
2388,46123,46123,46,123,Tripp
2389,46125,46125,46,125,Turner
2390,46127,46127,46,127,Union
2391,46129,46129,46,129,Walworth
2392,46135,46135,46,135,Yankton
2393,46137,46137,46,137,Ziebach
2394,47001,47001,47,001,Anderson
2395,47003,47003,47,003,Bedford
2396,47005,47005,47,005,Benton
2397,47007,47007,47,007,Bledsoe
2398,47009,47009,47,009,Blount
2399,47011,47011,47,011,Bradley
2400,47013,47013,47,013,Campbell
2401,47015,47015,47,015,Cannon
2402,47017,47017,47,017,Carroll
2403,47019,47019,47,019,Carter
2404,47021,47021,47,021,Cheatham
2405,47023,47023,47,023,Chester
2406,47025,47025,47,025,Claiborne
2407,47027,47027,47,027,Clay
2408,47029,47029,47,029,Cocke
2409,47031,47031,47,031,Coffee
2410,47033,47033,47,033,Crockett
2411,47035,47035,47,035,Cumberland
2412,47037,47037,47,037,Davidson
2413,47039,47039,47,039,Decatur
2414,47041,47041,47,041,DeKalb
2415,47043,47043,47,043,Dickson
2416,47045,47045,47,045,Dyer
2417,47047,47047,47,047,Fayette
2418,47049,47049,47,049,Fentress
2419,47051,47051,47,051,Franklin
2420,47053,47053,47,053,Gibson
2421,47055,47055,47,055,Giles
2422,47057,47057,47,057,Grainger
2423,47059,47059,47,059,Greene
2424,47061,47061,47,061,Grundy
2425,47063,47063,47,063,Hamblen
2426,47065,47065,47,065,Hamilton
2427,47067,47067,47,067,Hancock
2428,47069,47069,47,069,Hardeman
2429,47071,47071,47,071,Hardin
2430,47073,47073,47,073,Hawkins
2431,47075,47075,47,075,Haywood
2432,47077,47077,47,077,Henderson
2433,47079,47079,47,079,Henry
2434,47081,47081,47,081,Hickman
2435,47083,47083,47,083,Houston
2436,47085,47085,47,085,Humphreys
2437,47087,47087,47,087,Jackson
2438,47089,47089,47,089,Jefferson
2439,47091,47091,47,091,Johnson
2440,47093,47093,47,093,Knox
2441,47095,47095,47,095,Lake
2442,47097,47097,47,097,Lauderdale
2443,47099,47099,47,099,Lawrence
2444,47101,47101,47,101,Lewis
2445,47103,47103,47,103,Lincoln
2446,47105,47105,47,105,Loudon
2447,47107,47107,47,107,McMinn
2448,47109,47109,47,109,McNairy
2449,47111,47111,47,111,Macon
2450,47113,47113,47,113,Madison
2451,47115,47115,47,115,Marion
2452,47117,47117,47,117,Marshall
2453,47119,47119,47,119,Maury
2454,47121,47121,47,121,Meigs
2455,47123,47123,47,123,Monroe
2456,47125,47125,47,125,Montgomery
2457,47127,47127,47,127,Moore
2458,47129,47129,47,129,Morgan
2459,47131,47131,47,131,Obion
2460,47133,47133,47,133,Overton
2461,47135,47135,47,135,Perry
2462,47137,47137,47,137,Pickett
2463,47139,47139,47,139,Polk
2464,47141,47141,47,141,Putnam
2465,47143,47143,47,143,Rhea
2466,47145,47145,47,145,Roane
2467,47147,47147,47,147,Robertson
2468,47149,47149,47,149,Rutherford
2469,47151,47151,47,151,Scott
2470,47153,47153,47,153,Sequatchie
2471,47155,47155,47,155,Sevier
2472,47157,47157,47,157,Shelby
2473,47159,47159,47,159,Smith
2474,47161,47161,47,161,Stewart
2475,47163,47163,47,163,Sullivan
2476,47165,47165,47,165,Sumner
2477,47167,47167,47,167,Tipton
2478,47169,47169,47,169,Trousdale
2479,47171,47171,47,171,Unicoi
2480,47173,47173,47,173,Union
2481,47175,47175,47,175,Van Buren
2482,47177,47177,47,177,Warren
2483,47179,47179,47,179,Washington
2484,47181,47181,47,181,Wayne
2485,47183,47183,47,183,Weakley
2486,47185,47185,47,185,White
2487,47187,47187,47,187,Williamson
2488,47189,47189,47,189,Wilson
2489,48001,48001,48,001,Anderson
2490,48003,48003,48,003,Andrews
2491,48005,48005,48,005,Angelina
2492,48007,48007,48,007,Aransas
2493,48009,48009,48,009,Archer
2494,48011,48011,48,011,Armstrong
2495,48013,48013,48,013,Atascosa
2496,48015,48015,48,015,Austin
2497,48017,48017,48,017,Bailey
2498,48019,48019,48,019,Bandera
2499,48021,48021,48,021,Bastrop
2500,48023,48023,48,023,Baylor
2501,48025,48025,48,025,Bee
2502,48027,48027,48,027,Bell
2503,48029,48029,48,029,Bexar
2504,48031,48031,48,031,Blanco
2505,48033,48033,48,033,Borden
2506,48035,48035,48,035,Bosque
2507,48037,48037,48,037,Bowie
2508,48039,48039,48,039,Brazoria
2509,48041,48041,48,041,Brazos
2510,48043,48043,48,043,Brewster
2511,48045,48045,48,045,Briscoe
2512,48047,48047,48,047,Brooks
2513,48049,48049,48,049,Brown
2514,48051,48051,48,051,Burleson
2515,48053,48053,48,053,Burnet
2516,48055,48055,48,055,Caldwell
2517,48057,48057,48,057,Calhoun
2518,48059,48059,48,059,Callahan
2519,48061,48061,48,061,Cameron
2520,48063,48063,48,063,Camp
2521,48065,48065,48,065,Carson
2522,48067,48067,48,067,Cass
2523,48069,48069,48,069,Castro
2524,48071,48071,48,071,Chambers
2525,48073,48073,48,073,Cherokee
2526,48075,48075,48,075,Childress
2527,48077,48077,48,077,Clay
2528,48079,48079,48,079,Cochran
2529,48081,48081,48,081,Coke
2530,48083,48083,48,083,Coleman
2531,48085,48085,48,085,Collin
2532,48087,48087,48,087,Collingsworth
2533,48089,48089,48,089,Colorado
2534,48091,48091,48,091,Comal
2535,48093,48093,48,093,Comanche
2536,48095,48095,48,095,Concho
2537,48097,48097,48,097,Cooke
2538,48099,48099,48,099,Coryell
2539,48101,48101,48,101,Cottle
2540,48103,48103,48,103,Crane
2541,48105,48105,48,105,Crockett
2542,48107,48107,48,107,Crosby
2543,48109,48109,48,109,Culberson
2544,48111,48111,48,111,Dallam
2545,48113,48113,48,113,Dallas
2546,48115,48115,48,115,Dawson
2547,48117,48117,48,117,Deaf Smith
2548,48119,48119,48,119,Delta
2549,48121,48121,48,121,Denton
2550,48123,48123,48,123,DeWitt
2551,48125,48125,48,125,Dickens
2552,48127,48127,48,127,Dimmit
2553,48129,48129,48,129,Donley
2554,48131,48131,48,131,Duval
2555,48133,48133,48,133,Eastland
2556,48135,48135,48,135,Ector
2557,48137,48137,48,137,Edwards
2558,48139,48139,48,139,Ellis
2559,48141,48141,48,141,El Paso
2560,48143,48143,48,143,Erath
2561,48145,48145,48,145,Falls
2562,48147,48147,48,147,Fannin
2563,48149,48149,48,149,Fayette
2564,48151,48151,48,151,Fisher
2565,48153,48153,48,153,Floyd
2566,48155,48155,48,155,Foard
2567,48157,48157,48,157,Fort Bend
2568,48159,48159,48,159,Franklin
2569,48161,48161,48,161,Freestone
2570,48163,48163,48,163,Frio
2571,48165,48165,48,165,Gaines
2572,48167,48167,48,167,Galveston
2573,48169,48169,48,169,Garza
2574,48171,48171,48,171,Gillespie
2575,48173,48173,48,173,Glasscock
2576,48175,48175,48,175,Goliad
2577,48177,48177,48,177,Gonzales
2578,48179,48179,48,179,Gray
2579,48181,48181,48,181,Grayson
2580,48183,48183,48,183,Gregg
2581,48185,48185,48,185,Grimes
2582,48187,48187,48,187,Guadalupe
2583,48189,48189,48,189,Hale
2584,48191,48191,48,191,Hall
2585,48193,48193,48,193,Hamilton
2586,48195,48195,48,195,Hansford
2587,48197,48197,48,197,Hardeman
2588,48199,48199,48,199,Hardin
2589,48201,48201,48,201,Harris
2590,48203,48203,48,203,Harrison
2591,48205,48205,48,205,Hartley
2592,48207,48207,48,207,Haskell
2593,48209,48209,48,209,Hays
2594,48211,48211,48,211,Hemphill
2595,48213,48213,48,213,Henderson
2596,48215,48215,48,215,Hidalgo
2597,48217,48217,48,217,Hill
2598,48219,48219,48,219,Hockley
2599,48221,48221,48,221,Hood
2600,48223,48223,48,223,Hopkins
2601,48225,48225,48,225,Houston
2602,48227,48227,48,227,Howard
2603,48229,48229,48,229,Hudspeth
2604,48231,48231,48,231,Hunt
2605,48233,48233,48,233,Hutchinson
2606,48235,48235,48,235,Irion
2607,48237,48237,48,237,Jack
2608,48239,48239,48,239,Jackson
2609,48241,48241,48,241,Jasper
2610,48243,48243,48,243,Jeff Davis
2611,48245,48245,48,245,Jefferson
2612,48247,48247,48,247,Jim Hogg
2613,48249,48249,48,249,Jim Wells
2614,48251,48251,48,251,Johnson
2615,48253,48253,48,253,Jones
2616,48255,48255,48,255,Karnes
2617,48257,48257,48,257,Kaufman
2618,48259,48259,48,259,Kendall
2619,48261,48261,48,261,Kenedy
2620,48263,48263,48,263,Kent
2621,48265,48265,48,265,Kerr
2622,48267,48267,48,267,Kimble
2623,48269,48269,48,269,King
2624,48271,48271,48,271,Kinney
2625,48273,48273,48,273,Kleberg
2626,48275,48275,48,275,Knox
2627,48277,48277,48,277,Lamar
2628,48279,48279,48,279,Lamb
2629,48281,48281,48,281,Lampasas
2630,48283,48283,48,283,La Salle
2631,48285,48285,48,285,Lavaca
2632,48287,48287,48,287,Lee
2633,48289,48289,48,289,Leon
2634,48291,48291,48,291,Liberty
2635,48293,48293,48,293,Limestone
2636,48295,48295,48,295,Lipscomb
2637,48297,48297,48,297,Live Oak
2638,48299,48299,48,299,Llano
2639,48301,48301,48,301,Loving
2640,48303,48303,48,303,Lubbock
2641,48305,48305,48,305,Lynn
2642,48307,48307,48,307,McCulloch
2643,48309,48309,48,309,McLennan
2644,48311,48311,48,311,McMullen
2645,48313,48313,48,313,Madison
2646,48315,48315,48,315,Marion
2647,48317,48317,48,317,Martin
2648,48319,48319,48,319,Mason
2649,48321,48321,48,321,Matagorda
2650,48323,48323,48,323,Maverick
2651,48325,48325,48,325,Medina
2652,48327,48327,48,327,Menard
2653,48329,48329,48,329,Midland
2654,48331,48331,48,331,Milam
2655,48333,48333,48,333,Mills
2656,48335,48335,48,335,Mitchell
2657,48337,48337,48,337,Montague
2658,48339,48339,48,339,Montgomery
2659,48341,48341,48,341,Moore
2660,48343,48343,48,343,Morris
2661,48345,48345,48,345,Motley
2662,48347,48347,48,347,Nacogdoches
2663,48349,48349,48,349,Navarro
2664,48351,48351,48,351,Newton
2665,48353,48353,48,353,Nolan
2666,48355,48355,48,355,Nueces
2667,48357,48357,48,357,Ochiltree
2668,48359,48359,48,359,Oldham
2669,48361,48361,48,361,Orange
2670,48363,48363,48,363,Palo Pinto
2671,48365,48365,48,365,Panola
2672,48367,48367,48,367,Parker
2673,48369,48369,48,369,Parmer
2674,48371,48371,48,371,Pecos
2675,48373,48373,48,373,Polk
2676,48375,48375,48,375,Potter
2677,48377,48377,48,377,Presidio
2678,48379,48379,48,379,Rains
2679,48381,48381,48,381,Randall
2680,48383,48383,48,383,Reagan
2681,48385,48385,48,385,Real
2682,48387,48387,48,387,Red River
2683,48389,48389,48,389,Reeves
2684,48391,48391,48,391,Refugio
2685,48393,48393,48,393,Roberts
2686,48395,48395,48,395,Robertson
2687,48397,48397,48,397,Rockwall
2688,48399,48399,48,399,Runnels
2689,48401,48401,48,401,Rusk
2690,48403,48403,48,403,Sabine
2691,48405,48405,48,405,San Augustine
2692,48407,48407,48,407,San Jacinto
2693,48409,48409,48,409,San Patricio
2694,48411,48411,48,411,San Saba
2695,48413,48413,48,413,Schleicher
2696,48415,48415,48,415,Scurry
2697,48417,48417,48,417,Shackelford
2698,48419,48419,48,419,Shelby
2699,48421,48421,48,421,Sherman
2700,48423,48423,48,423,Smith
2701,48425,48425,48,425,Somervell
2702,48427,48427,48,427,Starr
2703,48429,48429,48,429,Stephens
2704,48431,48431,48,431,Sterling
2705,48433,48433,48,433,Stonewall
2706,48435,48435,48,435,Sutton
2707,48437,48437,48,437,Swisher
2708,48439,48439,48,439,Tarrant
2709,48441,48441,48,441,Taylor
2710,48443,48443,48,443,Terrell
2711,48445,48445,48,445,Terry
2712,48447,48447,48,447,Throckmorton
2713,48449,48449,48,449,Titus
2714,48451,48451,48,451,Tom Green
2715,48453,48453,48,453,Travis
2716,48455,48455,48,455,Trinity
2717,48457,48457,48,457,Tyler
2718,48459,48459,48,459,Upshur
2719,48461,48461,48,461,Upton
2720,48463,48463,48,463,Uvalde
2721,48465,48465,48,465,Val Verde
2722,48467,48467,48,467,Van Zandt
2723,48469,48469,48,469,Victoria
2724,48471,48471,48,471,Walker
2725,48473,48473,48,473,Waller
2726,48475,48475,48,475,Ward
2727,48477,48477,48,477,Washington
2728,48479,48479,48,479,Webb
2729,48481,48481,48,481,Wharton
2730,48483,48483,48,483,Wheeler
2731,48485,48485,48,485,Wichita
2732,48487,48487,48,487,Wilbarger
2733,48489,48489,48,489,Willacy
2734,48491,48491,48,491,Williamson
2735,48493,48493,48,493,Wilson
2736,48495,48495,48,495,Winkler
2737,48497,48497,48,497,Wise
2738,48499,48499,48,499,Wood
2739,48501,48501,48,501,Yoakum
2740,48503,48503,48,503,Young
2741,48505,48505,48,505,Zapata
2742,48507,48507,48,507,Zavala
2743,49001,49001,49,001,Beaver
2744,49003,49003,49,003,Box Elder
2745,49005,49005,49,005,Cache
2746,49007,49007,49,007,Carbon
2747,49009,49009,49,009,Daggett
2748,49011,49011,49,011,Davis
2749,49013,49013,49,013,Duchesne
2750,49015,49015,49,015,Emery
2751,49017,49017,49,017,Garfield
2752,49019,49019,49,019,Grand
2753,49021,49021,49,021,Iron
2754,49023,49023,49,023,Juab
2755,49025,49025,49,025,Kane
2756,49027,49027,49,027,Millard
2757,49029,49029,49,029,Morgan
2758,49031,49031,49,031,Piute
2759,49033,49033,49,033,Rich
2760,49035,49035,49,035,Salt Lake
2761,49037,49037,49,037,San Juan
2762,49039,49039,49,039,Sanpete
2763,49041,49041,49,041,Sevier
2764,49043,49043,49,043,Summit
2765,49045,49045,49,045,Tooele
2766,49047,49047,49,047,Uintah
2767,49049,49049,49,049,Utah
2768,49051,49051,49,051,Wasatch
2769,49053,49053,49,053,Washington
2770,49055,49055,49,055,Wayne
2771,49057,49057,49,057,Weber
2772,50001,50001,50,001,Addison
2773,50003,50003,50,003,Bennington
2774,50005,50005,50,005,Caledonia
2775,50007,50007,50,007,Chittenden
2776,50009,50009,50,009,Essex
2777,50011,50011,50,011,Franklin
2778,50013,50013,50,013,Grand Isle
2779,50015,50015,50,015,Lamoille
2780,50017,50017,50,017,Orange
2781,50019,50019,50,019,Orleans
2782,50021,50021,50,021,Rutland
2783,50023,50023,50,023,Washington
2784,50025,50025,50,025,Windham
2785,50027,50027,50,027,Windsor
2786,51001,51001,51,001,Accomack
2787,51003,51003,51,003,Albemarle
2788,51005,51005,51,005,Alleghany
2789,51007,51007,51,007,Amelia
2790,51009,51009,51,009,Amherst
2791,51011,51011,51,011,Appomattox
2792,51013,51013,51,013,Arlington
2793,51015,51015,51,015,Augusta
2794,51017,51017,51,017,Bath
2795,51019,51019,51,019,Bedford
2796,51021,51021,51,021,Bland
2797,51023,51023,51,023,Botetourt
2798,51025,51025,51,025,Brunswick
2799,51027,51027,51,027,Buchanan
2800,51029,51029,51,029,Buckingham
2801,51031,51031,51,031,Campbell
2802,51033,51033,51,033,Caroline
2803,51035,51035,51,035,Carroll
2804,51036,51036,51,036,Charles City
2805,51037,51037,51,037,Charlotte
2806,51041,51041,51,041,Chesterfield
2807,51043,51043,51,043,Clarke
2808,51045,51045,51,045,Craig
2809,51047,51047,51,047,Culpeper
2810,51049,51049,51,049,Cumberland
2811,51051,51051,51,051,Dickenson
2812,51053,51053,51,053,Dinwiddie
2813,51057,51057,51,057,Essex
2814,51059,51059,51,059,Fairfax
2815,51061,51061,51,061,Fauquier
2816,51063,51063,51,063,Floyd
2817,51065,51065,51,065,Fluvanna
2818,51067,51067,51,067,Franklin
2819,51069,51069,51,069,Frederick
2820,51071,51071,51,071,Giles
2821,51073,51073,51,073,Gloucester
2822,51075,51075,51,075,Goochland
2823,51077,51077,51,077,Grayson
2824,51079,51079,51,079,Greene
2825,51081,51081,51,081,Greensville
2826,51083,51083,51,083,Halifax
2827,51085,51085,51,085,Hanover
2828,51087,51087,51,087,Henrico
2829,51089,51089,51,089,Henry
2830,51091,51091,51,091,Highland
2831,51093,51093,51,093,Isle of Wight
2832,51095,51095,51,095,James City
2833,51097,51097,51,097,King and Queen
2834,51099,51099,51,099,King George
2835,51101,51101,51,101,King William
2836,51103,51103,51,103,Lancaster
2837,51105,51105,51,105,Lee
2838,51107,51107,51,107,Loudoun
2839,51109,51109,51,109,Louisa
2840,51111,51111,51,111,Lunenburg
2841,51113,51113,51,113,Madison
2842,51115,51115,51,115,Mathews
2843,51117,51117,51,117,Mecklenburg
2844,51119,51119,51,119,Middlesex
2845,51121,51121,51,121,Montgomery
2846,51125,51125,51,125,Nelson
2847,51127,51127,51,127,New Kent
2848,51131,51131,51,131,Northampton
2849,51133,51133,51,133,Northumberland
2850,51135,51135,51,135,Nottoway
2851,51137,51137,51,137,Orange
2852,51139,51139,51,139,Page
2853,51141,51141,51,141,Patrick
2854,51143,51143,51,143,Pittsylvania
2855,51145,51145,51,145,Powhatan
2856,51147,51147,51,147,Prince Edward
2857,51149,51149,51,149,Prince George
2858,51153,51153,51,153,Prince William
2859,51155,51155,51,155,Pulaski
2860,51157,51157,51,157,Rappahannock
2861,51159,51159,51,159,Richmond
2862,51161,51161,51,161,Roanoke
2863,51163,51163,51,163,Rockbridge
2864,51165,51165,51,165,Rockingham
2865,51167,51167,51,167,Russell
2866,51169,51169,51,169,Scott
2867,51171,51171,51,171,Shenandoah
2868,51173,51173,51,173,Smyth
2869,51175,51175,51,175,Southampton
2870,51177,51177,51,177,Spotsylvania
2871,51179,51179,51,179,Stafford
2872,51181,51181,51,181,Surry
2873,51183,51183,51,183,Sussex
2874,51185,51185,51,185,Tazewell
2875,51187,51187,51,187,Warren
2876,51191,51191,51,191,Washington
2877,51193,51193,51,193,Westmoreland
2878,51195,51195,51,195,Wise
2879,51197,51197,51,197,Wythe
2880,51199,51199,51,199,York
2881,51510,51510,51,510,Alexandria
2882,51520,51520,51,520,Bristol
2883,51530,51530,51,530,Buena Vista
2884,51540,51540,51,540,Charlottesville
2885,51550,51550,51,550,Chesapeake
2886,51570,51570,51,570,Colonial Heights
2887,51580,51580,51,580,Covington
2888,51590,51590,51,590,Danville
2889,51595,51595,51,595,Emporia
2890,51600,51600,51,600,Fairfax
2891,51610,51610,51,610,Falls Church
2892,51620,51620,51,620,Franklin
2893,51630,51630,51,630,Fredericksburg
2894,51640,51640,51,640,Galax
2895,51650,51650,51,650,Hampton
2896,51660,51660,51,660,Harrisonburg
2897,51670,51670,51,670,Hopewell
2898,51678,51678,51,678,Lexington
2899,51680,51680,51,680,Lynchburg
2900,51683,51683,51,683,Manassas
2901,51685,51685,51,685,Manassas Park
2902,51690,51690,51,690,Martinsville
2903,51700,51700,51,700,Newport News
2904,51710,51710,51,710,Norfolk
2905,51720,51720,51,720,Norton
2906,51730,51730,51,730,Petersburg
2907,51735,51735,51,735,Poquoson
2908,51740,51740,51,740,Portsmouth
2909,51750,51750,51,750,Radford
2910,51760,51760,51,760,Richmond
2911,51770,51770,51,770,Roanoke
2912,51775,51775,51,775,Salem
2913,51790,51790,51,790,Staunton
2914,51800,51800,51,800,Suffolk
2915,51810,51810,51,810,Virginia Beach
2916,51820,51820,51,820,Waynesboro
2917,51830,51830,51,830,Williamsburg
2918,51840,51840,51,840,Winchester
2919,53001,53001,53,001,Adams
2920,53003,53003,53,003,Asotin
2921,53005,53005,53,005,Benton
2922,53007,53007,53,007,Chelan
2923,53009,53009,53,009,Clallam
2924,53011,53011,53,011,Clark
2925,53013,53013,53,013,Columbia
2926,53015,53015,53,015,Cowlitz
2927,53017,53017,53,017,Douglas
2928,53019,53019,53,019,Ferry
2929,53021,53021,53,021,Franklin
2930,53023,53023,53,023,Garfield
2931,53025,53025,53,025,Grant
2932,53027,53027,53,027,Grays Harbor
2933,53029,53029,53,029,Island
2934,53031,53031,53,031,Jefferson
2935,53033,53033,53,033,King
2936,53035,53035,53,035,Kitsap
2937,53037,53037,53,037,Kittitas
2938,53039,53039,53,039,Klickitat
2939,53041,53041,53,041,Lewis
2940,53043,53043,53,043,Lincoln
2941,53045,53045,53,045,Mason
2942,53047,53047,53,047,Okanogan
2943,53049,53049,53,049,Pacific
2944,53051,53051,53,051,Pend Oreille
2945,53053,53053,53,053,Pierce
2946,53055,53055,53,055,San Juan
2947,53057,53057,53,057,Skagit
2948,53059,53059,53,059,Skamania
2949,53061,53061,53,061,Snohomish
2950,53063,53063,53,063,Spokane
2951,53065,53065,53,065,Stevens
2952,53067,53067,53,067,Thurston
2953,53069,53069,53,069,Wahkiakum
2954,53071,53071,53,071,Walla Walla
2955,53073,53073,53,073,Whatcom
2956,53075,53075,53,075,Whitman
2957,53077,53077,53,077,Yakima
2958,54001,54001,54,001,Barbour
2959,54003,54003,54,003,Berkeley
2960,54005,54005,54,005,Boone
2961,54007,54007,54,007,Braxton
2962,54009,54009,54,009,Brooke
2963,54011,54011,54,011,Cabell
2964,54013,54013,54,013,Calhoun
2965,54015,54015,54,015,Clay
2966,54017,54017,54,017,Doddridge
2967,54019,54019,54,019,Fayette
2968,54021,54021,54,021,Gilmer
2969,54023,54023,54,023,Grant
2970,54025,54025,54,025,Greenbrier
2971,54027,54027,54,027,Hampshire
2972,54029,54029,54,029,Hancock
2973,54031,54031,54,031,Hardy
2974,54033,54033,54,033,Harrison
2975,54035,54035,54,035,Jackson
2976,54037,54037,54,037,Jefferson
2977,54039,54039,54,039,Kanawha
2978,54041,54041,54,041,Lewis
2979,54043,54043,54,043,Lincoln
2980,54045,54045,54,045,Logan
2981,54047,54047,54,047,McDowell
2982,54049,54049,54,049,Marion
2983,54051,54051,54,051,Marshall
2984,54053,54053,54,053,Mason
2985,54055,54055,54,055,Mercer
2986,54057,54057,54,057,Mineral
2987,54059,54059,54,059,Mingo
2988,54061,54061,54,061,Monongalia
2989,54063,54063,54,063,Monroe
2990,54065,54065,54,065,Morgan
2991,54067,54067,54,067,Nicholas
2992,54069,54069,54,069,Ohio
2993,54071,54071,54,071,Pendleton
2994,54073,54073,54,073,Pleasants
2995,54075,54075,54,075,Pocahontas
2996,54077,54077,54,077,Preston
2997,54079,54079,54,079,Putnam
2998,54081,54081,54,081,Raleigh
2999,54083,54083,54,083,Randolph
3000,54085,54085,54,085,Ritchie
3001,54087,54087,54,087,Roane
3002,54089,54089,54,089,Summers
3003,54091,54091,54,091,Taylor
3004,54093,54093,54,093,Tucker
3005,54095,54095,54,095,Tyler
3006,54097,54097,54,097,Upshur
3007,54099,54099,54,099,Wayne
3008,54101,54101,54,101,Webster
3009,54103,54103,54,103,Wetzel
3010,54105,54105,54,105,Wirt
3011,54107,54107,54,107,Wood
3012,54109,54109,54,109,Wyoming
3013,55001,55001,55,001,Adams
3014,55003,55003,55,003,Ashland
3015,55005,55005,55,005,Barron
3016,55007,55007,55,007,Bayfield
3017,55009,55009,55,009,Brown
3018,55011,55011,55,011,Buffalo
3019,55013,55013,55,013,Burnett
3020,55015,55015,55,015,Calumet
3021,55017,55017,55,017,Chippewa
3022,55019,55019,55,019,Clark
3023,55021,55021,55,021,Columbia
3024,55023,55023,55,023,Crawford
3025,55025,55025,55,025,Dane
3026,55027,55027,55,027,Dodge
3027,55029,55029,55,029,Door
3028,55031,55031,55,031,Douglas
3029,55033,55033,55,033,Dunn
3030,55035,55035,55,035,Eau Claire
3031,55037,55037,55,037,Florence
3032,55039,55039,55,039,Fond du Lac
3033,55041,55041,55,041,Forest
3034,55043,55043,55,043,Grant
3035,55045,55045,55,045,Green
3036,55047,55047,55,047,Green Lake
3037,55049,55049,55,049,Iowa
3038,55051,55051,55,051,Iron
3039,55053,55053,55,053,Jackson
3040,55055,55055,55,055,Jefferson
3041,55057,55057,55,057,Juneau
3042,55059,55059,55,059,Kenosha
3043,55061,55061,55,061,Kewaunee
3044,55063,55063,55,063,La Crosse
3045,55065,55065,55,065,Lafayette
3046,55067,55067,55,067,Langlade
3047,55069,55069,55,069,Lincoln
3048,55071,55071,55,071,Manitowoc
3049,55073,55073,55,073,Marathon
3050,55075,55075,55,075,Marinette
3051,55077,55077,55,077,Marquette
3052,55078,55078,55,078,Menominee
3053,55079,55079,55,079,Milwaukee
3054,55081,55081,55,081,Monroe
3055,55083,55083,55,083,Oconto
3056,55085,55085,55,085,Oneida
3057,55087,55087,55,087,Outagamie
3058,55089,55089,55,089,Ozaukee
3059,55091,55091,55,091,Pepin
3060,55093,55093,55,093,Pierce
3061,55095,55095,55,095,Polk
3062,55097,55097,55,097,Portage
3063,55099,55099,55,099,Price
3064,55101,55101,55,101,Racine
3065,55103,55103,55,103,Richland
3066,55105,55105,55,105,Rock
3067,55107,55107,55,107,Rusk
3068,55109,55109,55,109,St. Croix
3069,55111,55111,55,111,Sauk
3070,55113,55113,55,113,Sawyer
3071,55115,55115,55,115,Shawano
3072,55117,55117,55,117,Sheboygan
3073,55119,55119,55,119,Taylor
3074,55121,55121,55,121,Trempealeau
3075,55123,55123,55,123,Vernon
3076,55125,55125,55,125,Vilas
3077,55127,55127,55,127,Walworth
3078,55129,55129,55,129,Washburn
3079,55131,55131,55,131,Washington
3080,55133,55133,55,133,Waukesha
3081,55135,55135,55,135,Waupaca
3082,55137,55137,55,137,Waushara
3083,55139,55139,55,139,Winnebago
3084,55141,55141,55,141,Wood
3085,56001,56001,56,001,Albany
3086,56003,56003,56,003,Big Horn
3087,56005,56005,56,005,Campbell
3088,56007,56007,56,007,Carbon
3089,56009,56009,56,009,Converse
3090,56011,56011,56,011,Crook
3091,56013,56013,56,013,Fremont
3092,56015,56015,56,015,Goshen
3093,56017,56017,56,017,Hot Springs
3094,56019,56019,56,019,Johnson
3095,56021,56021,56,021,Laramie
3096,56023,56023,56,023,Lincoln
3097,56025,56025,56,025,Natrona
3098,56027,56027,56,027,Niobrara
3099,56029,56029,56,029,Park
3100,56031,56031,56,031,Platte
3101,56033,56033,56,033,Sheridan
3102,56035,56035,56,035,Sublette
3103,56037,56037,56,037,Sweetwater
3104,56039,56039,56,039,Teton
3105,56041,56041,56,041,Uinta
3106,56043,56043,56,043,Washakie
3107,56045,56045,56,045,Weston
